Time,Accel,Brake,Car_Speed,Car_AutoSpeed,Car_AutoStatus,Bike_A_Status,Bike_B_Status,Bike_C_Status,Bike_D_Status,Bike_Distance,Vibrate_Status,BPM
0.0200,0.0000,0.0000,0.0000,0.0000,False,False,False,False,False,0.0000,False
0.0400,0.0000,0.0000,0.7049,0.0000,False,False,False,False,False,0.0000,False
0.3733,0.0000,0.0000,1.1529,0.0000,False,False,False,False,False,0.0000,False
0.4577,0.0000,0.0000,0.3516,0.0000,False,False,False,False,False,0.0000,False
0.5368,0.0000,0.0000,0.0296,0.0000,False,False,False,False,False,0.0000,False
0.5822,0.0000,0.0000,0.0856,0.0000,False,False,False,False,False,0.0000,False
0.6280,0.0000,0.0000,0.0949,0.0000,False,False,False,False,False,0.0000,False
0.6852,0.0000,0.0000,0.0794,0.0000,False,False,False,False,False,0.0000,False
0.7686,0.0000,0.0000,0.0444,0.0000,False,False,False,False,False,0.0000,False
0.8175,0.0000,0.0000,0.0294,0.0000,False,False,False,False,False,0.0000,False
0.8687,0.0000,0.0000,0.0131,0.0000,False,False,False,False,False,0.0000,False
0.9172,0.0000,0.0000,0.0062,0.0000,False,False,False,False,False,0.0000,False
0.9671,0.0000,0.0000,0.0015,0.0000,False,False,False,False,False,0.0000,False
1.0190,0.0000,0.0000,0.0022,0.0000,False,False,False,False,False,0.0000,False
1.0674,0.0000,0.0000,0.0028,0.0000,False,False,False,False,False,0.0000,False
1.1188,0.0000,0.0000,0.0025,0.0000,False,False,False,False,False,0.0000,False
1.1745,0.0000,0.0000,0.0018,0.0000,False,False,False,False,False,0.0000,False
1.2258,0.0000,0.0000,0.0011,0.0000,False,False,False,False,False,0.0000,False
1.2799,0.0000,0.0000,0.0007,0.0000,False,False,False,False,False,0.0000,False
1.3342,0.0000,0.0000,0.0002,0.0000,False,False,False,False,False,0.0000,False
1.3868,0.0000,0.0000,0.0001,0.0000,False,False,False,False,False,0.0000,False
1.4405,0.0000,0.0000,0.0001,0.0000,False,False,False,False,False,0.0000,False
1.4884,0.0000,0.0000,0.0001,0.0000,False,False,False,False,False,0.0000,False
1.5359,0.0000,0.0000,0.0001,0.0000,False,False,False,False,False,0.0000,False
1.5838,0.0000,0.0000,0.0001,0.0000,False,False,False,False,False,0.0000,False
1.6337,0.0000,0.0000,0.0001,0.0000,False,False,False,False,False,0.0000,False
1.6815,0.0000,0.0000,0.0000,0.0000,False,False,False,False,False,0.0000,False
1.7317,0.0000,0.0000,0.0000,0.0000,False,False,False,False,False,0.0000,False
1.7797,0.0000,0.0000,0.0000,0.0000,False,False,False,False,False,0.0000,False
1.8343,0.0000,0.0000,0.0000,0.0000,False,False,False,False,False,0.0000,False
1.8884,0.0000,0.0000,0.0000,0.0000,False,False,False,False,False,0.0000,False
1.9375,0.0000,0.0000,0.0000,0.0000,False,False,False,False,False,0.0000,False
1.9858,0.0000,0.0000,0.0000,0.0000,False,False,False,False,False,0.0000,False
2.0342,0.0000,0.0000,0.0000,0.0000,False,False,False,False,False,0.0000,False
2.0877,0.0000,0.0000,0.0000,0.0000,False,False,False,False,False,0.0000,False
2.1433,0.0000,0.0000,0.0000,0.0000,False,False,False,False,False,0.0000,False
2.1936,0.0000,0.0000,0.0000,0.0000,False,False,False,False,False,0.0000,False
2.2422,0.0000,0.0000,0.0000,0.0000,False,False,False,False,False,0.0000,False
2.2916,0.0000,0.0000,0.0000,0.0000,False,False,False,False,False,0.0000,False
2.3405,0.0000,0.0000,0.0000,0.0000,False,False,False,False,False,0.0000,False
2.3885,0.0000,0.0000,0.0000,0.0000,False,False,False,False,False,0.0000,False
2.4367,0.0000,0.0000,0.0000,0.0000,False,False,False,False,False,0.0000,False
2.4850,0.0000,0.0000,0.0000,0.0000,False,False,False,False,False,0.0000,False
2.5335,0.0000,0.0000,0.0000,0.0000,False,False,False,False,False,0.0000,False
2.5819,0.0000,0.0000,0.0000,0.0000,False,False,False,False,False,0.0000,False
2.6311,0.0000,0.0000,0.0000,0.0000,False,False,False,False,False,0.0000,False
2.6786,0.0000,0.0000,0.0000,0.0000,False,False,False,False,False,0.0000,False
2.7266,0.0000,0.0000,0.0000,0.0000,False,False,False,False,False,0.0000,False
2.7772,0.0000,0.0000,0.0000,0.0000,False,False,False,False,False,0.0000,False
2.8317,0.0000,0.0000,0.0000,0.0000,False,False,False,False,False,0.0000,False
2.8806,0.0000,0.0000,0.0000,0.0000,False,False,False,False,False,0.0000,False
2.9290,0.0000,0.0000,0.0000,0.0000,False,False,False,False,False,0.0000,False
2.9771,0.0000,0.0000,0.0000,0.0000,False,False,False,False,False,0.0000,False
3.0248,0.0000,0.0000,0.0000,0.0000,False,False,False,False,False,0.0000,False
3.0734,0.0000,0.0000,0.0000,0.0000,False,False,False,False,False,0.0000,False
3.1216,0.0000,0.0000,0.0000,0.0000,False,False,False,False,False,0.0000,False
3.1710,0.0000,0.0000,0.0000,0.0000,False,False,False,False,False,0.0000,False
3.2197,0.0000,0.0000,0.0000,0.0000,False,False,False,False,False,0.0000,False
3.2689,0.0000,0.0000,0.0000,0.0000,False,False,False,False,False,0.0000,False
3.3190,0.0000,0.0000,0.0000,0.0000,False,False,False,False,False,0.0000,False
3.3693,0.0000,0.0000,0.0000,0.0000,False,False,False,False,False,0.0000,False
3.4193,0.0000,0.0000,0.0000,0.0000,False,False,False,False,False,0.0000,False
3.4683,0.0000,0.0000,0.0000,0.0000,False,False,False,False,False,0.0000,False
3.5212,0.0000,0.0000,0.0000,0.0000,False,False,False,False,False,0.0000,False
3.5775,0.0000,0.0000,0.0000,0.0000,False,False,False,False,False,0.0000,False
3.6255,0.0000,0.0000,0.0000,0.0000,False,False,False,False,False,0.0000,False
3.6747,0.0000,0.0000,0.0000,0.0000,False,False,False,False,False,0.0000,False
3.7237,0.0000,0.0000,0.0000,0.0000,False,False,False,False,False,0.0000,False
3.7723,0.0000,0.0000,0.0000,0.0000,False,False,False,False,False,0.0000,False
3.8208,0.0000,0.0000,0.0000,0.0000,False,False,False,False,False,0.0000,False
3.8700,0.0000,0.0000,0.0000,0.0000,False,False,False,False,False,0.0000,False
3.9190,0.0000,0.0000,0.0000,0.0000,False,False,False,False,False,0.0000,False
3.9683,0.0000,0.0000,0.0000,0.0000,False,False,False,False,False,0.0000,False
4.0181,0.0000,0.0000,0.0000,0.0000,False,False,False,False,False,0.0000,False
4.0668,0.0000,0.0000,0.0000,0.0000,False,False,False,False,False,0.0000,False
4.1170,0.0000,0.0000,0.0000,0.0000,False,False,False,False,False,0.0000,False
4.1678,0.0000,0.0000,0.0000,0.0000,False,False,False,False,False,0.0000,False
4.2192,0.0000,0.0000,0.0000,0.0000,False,False,False,False,False,0.0000,False
4.2736,0.0000,0.0000,0.0000,0.0000,False,False,False,False,False,0.0000,False
4.3314,0.0000,0.0000,0.0000,0.0000,False,False,False,False,False,0.0000,False
4.3821,0.0000,0.0000,0.0000,0.0000,False,False,False,False,False,0.0000,False
4.4330,0.0000,0.0000,0.0000,0.0000,False,False,False,False,False,0.0000,False
4.4841,0.0000,0.0000,0.0000,0.0000,False,False,False,False,False,0.0000,False
4.5359,0.0000,0.0000,0.0000,0.0000,False,False,False,False,False,0.0000,False
4.5882,0.0000,0.0000,0.0000,0.0000,False,False,False,False,False,0.0000,False
4.6476,0.0000,0.0000,0.0000,0.0000,False,False,False,False,False,0.0000,False
4.7118,0.0000,0.0000,0.0000,0.0000,False,False,False,False,False,0.0000,False
4.7715,0.0000,0.0000,0.0000,0.0000,False,False,False,False,False,0.0000,False
4.8320,0.0000,0.0000,0.0000,0.0000,False,False,False,False,False,0.0000,False
4.8882,0.0000,0.0000,0.0000,0.0000,False,False,False,False,False,0.0000,False
4.9454,0.0000,0.0000,0.0000,0.0000,False,False,False,False,False,0.0000,False
4.9976,0.0000,0.0000,0.0000,0.0000,False,False,False,False,False,0.0000,False
5.0542,0.0000,0.0000,0.0000,0.0000,False,False,False,False,False,0.0000,False
5.1201,0.0000,0.0000,0.0000,0.0000,False,False,False,False,False,0.0000,False
5.1849,0.0000,0.0000,0.0000,0.0000,False,False,False,False,False,0.0000,False
5.2397,0.0000,0.0000,0.0000,0.0000,False,False,False,False,False,0.0000,False
5.2971,0.0000,0.0000,0.0000,0.0000,False,False,False,False,False,0.0000,False
5.3488,0.0000,0.0000,0.0000,0.0000,False,False,False,False,False,0.0000,False
5.3999,0.0000,0.0000,0.0000,0.0000,False,False,False,False,False,0.0000,False
5.4508,0.0000,0.0000,0.0000,0.0000,False,False,False,False,False,0.0000,False
5.5020,0.0000,0.0000,0.0000,0.0000,False,False,False,False,False,0.0000,False
5.5538,0.0000,0.0000,0.0000,0.0000,False,False,False,False,False,0.0000,False
5.6084,0.0000,0.0000,0.0000,0.0000,False,False,False,False,False,0.0000,False
5.6593,0.0000,0.0000,0.0000,0.0000,False,False,False,False,False,0.0000,False
5.7152,0.0000,0.0000,0.0000,0.0000,False,False,False,False,False,0.0000,False
5.7698,0.0000,0.0000,0.0000,0.0000,False,False,False,False,False,0.0000,False
5.8229,0.0000,0.0000,0.0000,0.0000,False,False,False,False,False,0.0000,False
5.8808,0.0000,0.0000,0.0000,0.0000,False,False,False,False,False,0.0000,False
5.9437,0.0000,0.0000,0.0000,0.0000,False,False,False,False,False,0.0000,False
6.0072,0.0000,0.0000,0.0000,0.0000,False,False,False,False,False,0.0000,False
6.0640,0.0000,0.0000,0.0000,0.0000,False,False,False,False,False,0.0000,False
6.1211,0.0000,0.0000,0.0000,0.0000,False,False,False,False,False,0.0000,False
6.1821,0.0000,0.0000,0.0000,0.0000,False,False,False,False,False,0.0000,False
6.2462,0.0000,0.0000,0.0000,0.0000,False,False,False,False,False,0.0000,False
6.3098,0.0000,0.0000,0.0000,0.0000,False,False,False,False,False,0.0000,False
6.3713,0.0000,0.0000,0.0000,0.0000,False,False,False,False,False,0.0000,False
6.4333,0.0000,0.0000,0.0000,0.0000,False,False,False,False,False,0.0000,False
6.4981,0.0000,0.0000,0.0000,0.0000,False,False,False,False,False,0.0000,False
6.5614,0.0000,0.0000,0.0000,0.0000,False,False,False,False,False,0.0000,False
6.6235,0.0000,0.0000,0.0000,0.0000,False,False,False,False,False,0.0000,False
6.6862,0.0000,0.0000,0.0000,0.0000,False,True,False,False,False,0.0000,False
6.7486,0.0000,0.0000,0.0000,0.0000,False,True,False,False,False,134.4368,False
6.8092,0.0000,0.0000,0.0000,0.0000,False,True,False,False,False,132.6224,False
6.8759,0.0000,0.0000,0.0000,0.0000,False,True,False,False,False,130.8774,False
6.9431,0.0000,0.0000,0.0000,0.0000,False,True,False,False,False,129.1097,False
7.0046,0.0000,0.0000,0.0000,0.0000,False,True,False,False,False,127.2923,False
7.0647,0.0000,0.0000,0.0000,0.0000,False,True,False,False,False,125.5786,False
7.1254,0.0000,0.0000,0.0000,0.0000,False,True,False,False,False,123.9912,False
7.1887,0.0000,0.0000,0.0000,0.0000,False,True,False,False,False,122.4429,False
7.2524,0.0000,0.0000,0.0000,0.0000,False,True,False,False,False,120.8827,False
7.3147,0.0000,0.0000,0.0000,0.0000,False,True,False,False,False,119.3067,False
7.3781,0.0000,0.0000,0.0000,0.0000,False,True,False,False,False,117.7641,False
7.4413,0.0000,0.0000,0.0000,0.0000,False,True,False,False,False,116.2513,False
7.5025,0.0000,0.0000,0.0000,0.0000,False,True,False,False,False,114.7460,False
7.5680,0.0000,0.0000,0.0000,0.0000,False,True,False,False,False,113.2825,False
7.6314,0.0000,0.0000,0.0000,0.0000,False,True,False,False,False,111.8235,False
7.6954,0.0000,0.0000,0.0000,0.0000,False,True,False,False,False,110.3419,False
7.7649,0.0000,0.0000,0.0000,0.0000,False,True,False,False,False,108.9000,False
7.8359,0.0000,0.0000,0.0000,0.0000,False,True,False,False,False,107.4179,False
7.9143,0.0000,0.0000,0.0000,0.0000,False,True,False,False,False,105.8631,False
7.9871,0.0000,0.0000,0.0000,0.0000,False,True,False,False,False,104.2432,False
8.0584,0.0000,0.0000,0.0000,0.0000,False,True,False,False,False,102.5816,False
8.1316,0.0000,0.0000,0.0000,0.0000,False,True,False,False,False,101.0228,False
8.2070,0.0000,0.0000,0.0000,0.0000,False,True,False,False,False,99.4844,False
8.2835,0.0000,0.0000,0.0000,0.0000,False,True,False,False,False,97.9150,False
8.3595,0.0000,0.0000,0.0000,0.0000,False,True,False,False,False,96.3185,False
8.4344,0.0000,0.0000,0.0000,0.0000,False,True,False,False,False,94.7222,False
8.5123,0.0000,0.0000,0.0000,0.0000,False,True,False,False,False,93.1489,False
8.5849,0.0000,0.0000,0.0000,0.0000,False,True,False,False,False,91.5805,False
8.6639,0.0000,0.0000,0.0000,0.0000,False,True,False,False,False,90.0148,False
8.7377,0.0000,0.0000,0.0000,0.0000,False,True,False,False,False,88.4867,False
8.8145,0.0000,0.0000,0.0000,0.0000,False,True,False,False,False,86.9124,False
8.8941,0.0000,0.0000,0.0000,0.0000,False,True,False,False,False,85.3973,False
8.9726,0.0000,0.0000,0.0000,0.0000,False,True,False,False,False,83.8293,False
9.0469,0.0000,0.0000,0.0000,0.0000,False,True,False,False,False,82.2351,False
9.1187,0.0000,0.0000,0.0000,0.0000,False,True,False,False,False,80.6871,False
9.1922,0.0000,0.0000,0.0000,0.0000,False,True,False,False,False,79.2166,False
9.2730,0.0000,0.0000,0.0000,0.0000,False,True,False,False,False,77.7756,False
9.3513,0.0000,0.0000,0.0000,0.0000,False,True,False,False,False,76.2706,False
9.4282,0.0000,0.0000,0.0000,0.0000,False,True,False,False,False,74.6836,False
9.5053,0.0000,0.0000,0.0000,0.0000,False,True,False,False,False,73.1439,False
9.5853,0.0000,0.0000,0.0000,0.0000,False,True,False,False,False,71.6247,False
9.6689,0.0000,0.0000,0.0000,0.0000,False,True,False,False,False,70.0889,False
9.7544,0.0000,0.0000,0.0000,0.0000,False,True,False,False,False,68.4961,False
9.8491,0.0000,0.0000,0.0000,0.0000,False,True,False,False,False,66.8448,False
9.9366,0.0000,0.0000,0.0000,0.0000,False,True,False,False,False,65.1174,False
10.0164,0.0000,0.0000,0.0000,0.0000,False,True,False,False,False,63.3081,False
10.0947,0.0000,0.0000,0.0000,0.0000,False,True,False,False,False,61.6452,False
10.1796,0.0000,0.0000,0.0000,0.0000,False,True,False,False,False,60.0996,False
10.2634,0.0000,0.0000,0.0000,0.0000,False,True,False,False,False,58.5212,False
10.3474,0.0000,0.0000,0.0000,0.0000,False,True,False,False,False,56.8410,False
10.4279,0.0000,0.0000,0.0000,0.0000,False,True,False,False,False,55.1565,False
10.5108,0.0000,0.0000,0.0000,0.0000,False,True,False,False,False,53.4697,False
10.5898,0.0000,0.0000,0.0000,0.0000,False,True,False,False,False,51.8038,False
10.6661,0.0000,0.0000,0.0000,0.0000,False,True,False,False,False,50.1070,False
10.7422,0.0000,0.0000,0.0000,0.0000,False,True,False,False,False,48.4684,False
10.8232,0.0000,0.0000,0.0000,0.0000,False,True,False,False,False,46.8567,False
10.9084,0.0000,0.0000,0.0000,0.0000,False,True,False,False,False,45.2065,False
10.9839,0.0000,0.0000,0.0000,0.0000,False,True,False,False,False,43.4418,False
11.0624,0.0000,0.0000,0.0000,0.0000,False,True,False,False,False,41.6473,False
11.1369,0.0000,0.0000,0.0000,0.0000,False,True,False,False,False,39.9752,False
11.2145,0.0000,0.0000,0.0000,0.0000,False,True,False,False,False,38.2643,False
11.2957,0.0000,0.0000,0.0000,0.0000,False,True,False,False,False,36.5900,False
11.3797,0.0000,0.0000,0.0000,0.0000,False,True,False,False,False,34.8333,False
11.4521,0.0000,0.0000,0.0000,0.0000,False,True,False,False,False,32.9904,False
11.5257,0.0000,0.0000,0.0000,0.0000,False,True,False,False,False,31.1476,False
11.6022,0.0000,0.0000,0.0000,0.0000,False,True,False,False,False,29.4711,False
11.6797,0.0000,0.0000,0.0000,0.0000,False,True,False,False,False,27.7320,False
11.7557,0.0000,0.0000,0.0000,0.0000,False,True,False,False,False,25.9110,False
11.8356,0.0000,0.0000,0.0000,0.0000,False,True,False,False,False,24.0524,False
11.9121,0.0000,0.0000,0.0000,0.0000,False,True,False,False,False,22.1722,False
11.9854,0.0000,0.0000,0.0000,0.0000,False,True,False,False,False,20.2208,False
12.0616,0.0000,0.0000,0.0000,0.0000,False,True,False,False,False,18.3357,False
12.1392,0.0000,0.0000,0.0000,0.0000,False,True,False,False,False,16.4867,False
12.2160,0.0000,0.0000,0.0000,0.0000,False,True,False,False,False,14.5711,False
12.2937,0.0000,0.0000,0.0000,0.0000,False,True,False,False,False,12.6317,False
12.3766,0.0000,0.0000,0.0000,0.0000,False,True,False,False,False,10.6999,False
12.4648,0.0000,0.0000,0.0000,0.0000,False,True,False,False,False,8.7154,False
12.5553,0.0000,0.0000,0.0000,0.0000,False,True,False,False,False,6.5976,False
12.6419,0.0000,0.0000,0.0000,0.0000,False,True,False,False,False,4.3726,False
12.7228,0.0000,0.0000,0.0000,0.0000,False,True,False,False,False,2.1518,False
12.8041,0.0000,0.0000,0.0000,0.0000,False,True,False,False,False,0.2367,False
12.8803,0.0000,0.0000,0.0000,0.0000,False,True,False,False,False,1.9716,False
12.9516,0.0000,0.0000,0.0000,0.0000,False,True,False,False,False,3.9247,False
13.0225,0.0000,0.0000,0.0000,0.0000,False,True,False,False,False,5.7546,False
13.0955,0.0000,0.0000,0.0000,0.0000,False,True,False,False,False,7.4855,False
13.2035,0.0000,0.0000,0.0000,0.0000,False,True,False,False,False,9.1971,False
13.2656,0.0000,0.0000,0.0000,0.0000,False,True,False,False,False,11.0940,False
13.3343,0.0000,0.0000,0.0000,0.0000,False,True,False,False,False,13.3509,False
13.4010,0.0000,0.0000,0.0000,0.0000,False,True,False,False,False,14.8284,False
13.4668,0.0000,0.0000,0.0000,0.0000,False,True,False,False,False,16.4075,False
13.5329,0.0000,0.0000,0.0000,0.0000,False,True,False,False,False,17.9411,False
13.5990,0.0000,0.0000,0.0000,0.0000,False,True,False,False,False,19.4462,False
13.6632,0.0000,0.0000,0.0000,0.0000,False,True,False,False,False,20.9507,False
13.7247,0.0000,0.0000,0.0000,0.0000,False,True,False,False,False,22.4513,False
13.7823,0.0000,0.0000,0.0000,0.0000,False,True,False,False,False,23.9096,False
13.8422,0.0000,0.0000,0.0000,0.0000,False,True,False,False,False,25.3047,False
13.9005,0.0000,0.0000,0.0000,0.0000,False,True,False,False,False,26.6487,False
13.9584,0.0000,0.0000,0.0000,0.0000,False,True,False,False,False,28.0298,False
14.0153,0.0000,0.0000,0.0000,0.0000,False,True,False,False,False,29.3796,False
14.0720,0.0000,0.0000,0.0000,0.0000,False,True,False,False,False,30.7200,False
14.1300,0.0000,0.0000,0.0001,0.0000,False,True,False,False,False,32.0473,False
14.1869,0.0000,0.0000,0.0000,0.0000,False,True,False,False,False,33.3840,False
14.2439,0.0000,0.0000,0.0000,0.0000,False,True,False,False,False,34.7397,False
14.3001,0.0000,0.0000,0.0000,0.0000,False,True,False,False,False,36.0834,False
14.3568,0.0000,0.0000,0.0000,0.0000,False,True,False,False,False,37.4249,False
14.4148,0.0000,0.0000,0.0000,0.0000,False,True,False,False,False,38.7575,False
14.4706,0.0000,0.0000,0.0000,0.0000,False,True,False,False,False,40.1120,False
14.5243,0.0000,0.0000,0.0000,0.0000,False,True,False,False,False,41.4792,False
14.5805,0.0000,0.0000,0.0000,0.0000,False,True,False,False,False,42.7990,False
14.6406,0.0000,0.0000,0.0000,0.0000,False,True,False,False,False,44.1055,False
14.6921,0.0000,0.0000,0.0000,0.0000,False,True,False,False,False,45.4864,False
14.7448,0.0000,0.0000,0.0000,0.0000,False,True,False,False,False,46.8693,False
14.7960,0.0000,0.0000,0.0000,0.0000,False,True,False,False,False,48.1194,False
14.8486,0.0000,0.0000,0.0000,0.0000,False,True,False,False,False,49.3832,False
14.9019,0.0000,0.0000,0.0000,0.0000,False,True,False,False,False,50.6372,False
14.9540,0.0000,0.0000,0.0000,0.0000,False,True,False,False,False,51.9254,False
15.0066,0.0000,0.0000,0.0000,0.0000,False,True,False,False,False,53.2184,False
15.0580,0.0000,0.0000,0.0000,0.0000,False,True,False,False,False,54.4997,False
15.1087,0.0000,0.0000,0.0000,0.0000,False,True,False,False,False,55.7851,False
15.1587,0.0000,0.0000,0.0000,0.0000,False,True,False,False,False,57.0482,False
15.2085,0.0000,0.0000,0.0000,0.0000,False,True,False,False,False,58.2997,False
15.2582,0.0000,0.0000,0.0000,0.0000,False,True,False,False,False,59.5409,False
15.3076,0.0000,0.0000,0.0000,0.0000,False,True,False,False,False,60.7826,False
15.3591,0.0000,0.0000,0.0000,0.0000,False,True,False,False,False,62.0249,False
15.4107,0.0000,0.0000,0.0000,0.0000,False,True,False,False,False,63.2846,False
15.4674,0.0000,0.0000,0.0000,0.0000,False,True,False,False,False,64.5851,False
15.5164,0.0000,0.0000,0.0000,0.0000,False,True,False,False,False,65.9320,False
15.5644,0.0000,0.0000,0.0000,0.0000,False,True,False,False,False,67.2937,False
15.6126,0.0000,0.0000,0.0000,0.0000,False,True,False,False,False,68.5228,False
15.6624,0.0000,0.0000,0.0000,0.0000,False,True,False,False,False,69.7369,False
15.7105,0.0000,0.0000,0.0000,0.0000,False,True,False,False,False,70.9692,False
15.7596,0.0000,0.0000,0.0000,0.0000,False,True,False,False,False,72.2124,False
15.8075,0.0000,0.0000,0.0000,0.0000,False,True,False,False,False,73.4423,False
15.8584,0.0000,0.0000,0.0000,0.0000,False,True,False,False,False,74.6807,False
15.9082,0.0000,0.0000,0.0000,0.0000,False,True,False,False,False,75.9276,False
15.9582,0.0000,0.0000,0.0000,0.0000,False,True,False,False,False,77.2122,False
16.0049,0.0000,0.0000,0.0000,0.0000,False,True,False,False,False,78.4817,False
16.0517,0.0000,0.0000,0.0000,0.0000,False,True,False,False,False,79.7241,False
16.0984,0.0000,0.0000,0.0000,0.0000,False,True,False,False,False,80.9139,False
16.1449,0.0000,0.0000,0.0000,0.0000,False,True,False,False,False,82.1048,False
16.1915,0.0000,0.0000,0.0000,0.0000,False,True,False,False,False,83.2927,False
16.2403,0.0000,0.0000,0.0000,0.0000,False,True,False,False,False,84.4778,False
16.2955,0.0000,0.0000,0.0000,0.0000,False,True,False,False,False,85.6864,False
16.3428,0.0000,0.0000,0.0000,0.0000,False,True,False,False,False,86.9977,False
16.3892,0.0000,0.0000,0.0000,0.0000,False,True,False,False,False,88.3365,False
16.4355,0.0000,0.0000,0.0000,0.0000,False,True,False,False,False,89.5407,False
16.4814,0.0000,0.0000,0.0000,0.0000,False,True,False,False,False,90.7290,False
16.5267,0.0000,0.0000,0.0001,0.0000,False,True,False,False,False,91.9121,False
16.5719,0.0000,0.0000,0.0000,0.0000,False,True,False,False,False,93.0841,False
16.6173,0.0000,0.0000,0.0000,0.0000,False,True,False,False,False,94.2445,False
16.6618,0.0000,0.0000,0.0000,0.0000,False,True,False,False,False,95.4053,False
16.7206,0.0000,0.0000,0.0000,0.0000,False,True,False,False,False,96.5610,False
16.7650,0.0000,0.0000,0.0000,0.0000,False,True,False,False,False,97.8433,False
16.8092,0.0000,0.0000,0.0000,0.0000,False,True,False,False,False,99.2103,False
16.8542,0.0000,0.0000,0.0000,0.0000,False,True,False,False,False,100.3487,False
16.8980,0.0000,0.0000,0.0001,0.0000,False,True,False,False,False,101.4922,False
16.9418,0.0000,0.0000,0.0000,0.0000,False,True,False,False,False,102.6345,False
16.9859,0.0000,0.0000,0.0000,0.0000,False,True,False,False,False,103.7578,False
17.0327,0.0000,0.0000,0.0001,0.0000,False,True,False,False,False,104.8852,False
17.0830,0.0000,0.0000,0.0000,0.0000,False,True,False,False,False,106.0443,False
17.1259,0.0000,0.0000,0.0000,0.0000,False,True,False,False,False,107.2737,False
17.1691,0.0000,0.0000,0.0000,0.0000,False,True,False,False,False,108.4864,False
17.2131,0.0000,0.0000,0.0000,0.0000,False,True,False,False,False,109.5860,False
17.2564,0.0000,0.0000,0.0000,0.0000,False,True,False,False,False,110.6974,False
17.2998,0.0000,0.0000,0.0001,0.0000,False,True,False,False,False,111.8144,False
17.3443,0.0000,0.0000,0.0000,0.0000,False,True,False,False,False,112.9209,False
17.3881,0.0000,0.0000,0.0000,0.0000,False,True,False,False,False,114.0392,False
17.4310,0.0000,0.0000,0.0000,0.0000,False,True,False,False,False,115.1695,False
17.4739,0.0000,0.0000,0.0000,0.0000,False,True,False,False,False,116.2803,False
17.5165,0.0000,0.0000,0.0000,0.0000,False,True,False,False,False,117.3754,False
17.5615,0.0000,0.0000,0.0000,0.0000,False,True,False,False,False,118.4694,False
17.6044,0.0000,0.0000,0.0000,0.0000,False,True,False,False,False,119.5818,False
17.6465,0.0000,0.0000,0.0000,0.0000,False,True,False,False,False,120.7102,False
17.6896,0.0000,0.0000,0.0000,0.0000,False,True,False,False,False,121.7986,False
17.7317,0.0000,0.0000,0.0000,0.0000,False,True,False,False,False,122.8850,False
17.7776,0.0000,0.0000,0.0000,0.0000,False,True,False,False,False,123.9766,False
17.8272,0.0000,0.0000,0.0000,0.0000,False,True,False,False,False,125.0893,False
17.8708,0.0000,0.0000,0.0000,0.0000,False,True,False,False,False,126.2995,False
17.9143,0.0000,0.0000,0.0000,0.0000,False,True,False,False,False,127.5087,False
17.9578,0.0000,0.0000,0.0000,0.0000,False,True,False,False,False,128.6220,False
18.0008,0.0000,0.0000,0.0000,0.0000,False,True,False,False,False,129.7337,False
18.0440,0.0000,0.0000,0.0000,0.0000,False,True,False,False,False,130.8407,False
18.0864,0.0000,0.0000,0.0000,0.0000,False,True,False,False,False,131.9425,False
18.1289,0.0000,0.0000,0.0000,0.0000,False,True,False,False,False,133.0382,False
18.1722,0.0000,0.0000,0.0000,0.0000,False,True,False,False,False,134.1225,False
18.2148,0.0000,0.0000,0.0000,0.0000,False,True,False,False,False,135.2175,False
18.2572,0.0000,0.0000,0.0000,0.0000,False,True,False,False,False,136.3173,False
18.3004,0.0000,0.0000,0.0000,0.0000,False,True,False,False,False,137.4044,False
18.3457,0.0000,0.0000,0.0000,0.0000,False,True,False,False,False,138.4967,False
18.3893,0.0000,0.0000,0.0000,0.0000,False,True,False,False,False,139.6233,False
18.4322,0.0000,0.0000,0.0000,0.0000,False,True,False,False,False,140.7650,False
18.4758,0.0000,0.0000,0.0000,0.0000,False,True,False,False,False,141.8723,False
18.5222,0.0000,0.0000,0.0000,0.0000,False,True,False,False,False,142.9770,False
18.5737,0.0000,0.0000,0.0000,0.0000,False,True,False,False,False,144.1195,False
18.6168,0.0000,0.0000,0.0000,0.0000,False,True,False,False,False,145.3578,False
18.6599,0.0000,0.0000,0.0000,0.0000,False,True,False,False,False,146.5900,False
18.7037,0.0000,0.0000,0.0000,0.0000,False,True,False,False,False,147.6933,False
18.7477,0.0000,0.0000,0.0000,0.0000,False,True,False,False,False,148.8034,False
18.7915,0.0000,0.0000,0.0000,0.0000,False,True,False,False,False,149.9249,False
18.8363,0.0000,0.0000,0.0000,0.0000,False,True,False,False,False,151.0439,False
18.8806,0.0000,0.0000,0.0000,0.0000,False,True,False,False,False,152.1694,False
18.9244,0.0000,0.0000,0.0000,0.0000,False,True,False,False,False,153.3052,False
18.9669,0.0000,0.0000,0.0000,0.0000,False,True,False,False,False,154.4293,False
19.0099,0.0000,0.0000,0.0000,0.0000,False,True,False,False,False,155.5329,False
19.0528,0.0000,0.0000,0.0000,0.0000,False,True,False,False,False,156.6216,False
19.0954,0.0000,0.0000,0.0000,0.0000,False,True,False,False,False,157.7176,False
19.1384,0.0000,0.0000,0.0000,0.0000,False,True,False,False,False,158.8095,False
19.1815,0.0000,0.0000,0.0000,0.0000,False,True,False,False,False,159.8991,False
19.2247,0.0000,0.0000,0.0000,0.0000,False,True,False,False,False,160.9963,False
19.2676,0.0000,0.0000,0.0000,0.0000,False,True,False,False,False,162.0969,False
19.3171,0.0000,0.0000,0.0000,0.0000,False,True,False,False,False,163.1967,False
19.3689,0.0000,0.0000,0.0000,0.0000,False,True,False,False,False,164.3576,False
19.4196,0.0000,0.0000,0.0000,0.0000,False,True,False,False,False,165.6427,False
19.4702,0.0000,0.0000,0.0000,0.0000,False,True,False,False,False,166.9538,False
19.5276,0.0000,0.0000,0.0000,0.0000,False,True,False,False,False,168.2459,False
19.5796,0.0000,0.0000,0.0000,0.0000,False,True,False,False,False,169.6047,False
19.6321,0.0000,0.0000,0.0000,0.0000,False,True,False,False,False,171.0188,False
19.6873,0.0000,0.0000,0.0000,0.0000,False,True,False,False,False,172.3555,False
19.7418,0.0000,0.0000,0.0000,0.0000,False,True,False,False,False,173.7271,False
19.7971,0.0000,0.0000,0.0000,0.0000,False,True,False,False,False,175.1338,False
19.8533,0.0000,0.0000,0.0000,0.0000,False,True,False,False,False,176.5374,False
19.9065,0.0000,0.0000,0.0000,0.0000,False,True,False,False,False,177.9630,False
19.9515,0.0000,0.0000,0.0000,0.0000,False,True,False,False,False,179.3703,False
19.9955,0.0000,0.0000,0.0000,0.0000,False,True,False,False,False,180.6488,False
20.0385,0.0000,0.0000,0.0000,0.0000,False,True,False,False,False,181.7911,False
20.0814,0.0000,0.0000,0.0000,0.0000,False,True,False,False,False,182.9081,False
20.1244,0.0000,0.0000,0.0000,0.0000,False,True,False,False,False,184.0094,False
20.1722,0.0000,0.0000,0.0000,0.0000,False,True,False,False,False,185.1089,False
20.2221,0.0000,0.0000,0.0000,0.0000,False,True,False,False,False,186.2593,False
20.2653,0.0000,0.0000,0.0000,0.0000,False,True,False,False,False,187.5048,False
20.3078,0.0000,0.0000,0.0000,0.0000,False,True,False,False,False,188.7098,False
20.3518,0.0000,0.0000,0.0000,0.0000,False,True,False,False,False,189.8048,False
20.3950,0.0000,0.0000,0.0000,0.0000,False,True,False,False,False,190.9045,False
20.4374,0.0000,0.0000,0.0000,0.0000,False,True,False,False,False,192.0192,False
20.4801,0.0000,0.0000,0.0000,0.0000,False,True,False,False,False,193.1142,False
20.5294,0.0000,0.0000,0.0000,0.0000,False,True,False,False,False,194.2004,False
20.5791,0.0000,0.0000,0.0000,0.0000,False,True,False,False,False,195.3586,False
20.6252,0.0000,0.0000,0.0000,0.0000,False,True,False,False,False,196.6209,False
20.6740,0.0000,0.0000,0.0000,0.0000,False,True,False,False,False,197.8526,False
20.7223,0.0000,0.0000,0.0000,0.0000,False,True,False,False,False,199.0577,False
20.7690,0.0000,0.0000,0.0000,0.0000,False,True,False,False,False,200.2982,False
20.8198,0.0000,0.0000,0.0000,0.0000,False,True,False,False,False,201.5150,False
20.8740,0.0000,0.0000,0.0000,0.0000,False,True,False,False,False,202.7499,False
20.9213,0.0000,0.0000,0.0000,0.0000,False,True,False,False,False,204.0820,False
20.9690,0.0000,0.0000,0.0000,0.0000,False,True,False,False,False,205.3950,False
21.0164,0.0000,0.0000,0.0000,0.0000,False,True,False,False,False,206.6073,False
21.0690,0.0000,0.0000,0.0000,0.0000,False,True,False,False,False,207.8228,False
21.1179,0.0000,0.0000,0.0000,0.0000,False,True,False,False,False,209.0867,False
21.1651,0.0000,0.0000,0.0000,0.0000,False,True,False,False,False,210.3918,False
21.2129,0.0000,0.0000,0.0000,0.0000,False,True,False,False,False,211.6228,False
21.2603,0.0000,0.0000,0.0000,0.0000,False,True,False,False,False,212.8383,False
21.3084,0.0000,0.0000,0.0000,0.0000,False,True,False,False,False,214.0591,False
21.3600,0.0000,0.0000,0.0000,0.0000,False,True,False,False,False,215.2822,False
21.4076,0.0000,0.0000,0.0000,0.0000,False,True,False,False,False,216.5515,False
21.4549,0.0000,0.0000,0.0000,0.0000,False,True,False,False,False,217.8321,False
21.5022,0.0000,0.0000,0.0000,0.0000,False,True,False,False,False,219.0494,False
21.5556,0.0000,0.0000,0.0000,0.0000,False,True,False,False,False,220.2617,False
21.6069,0.0000,0.0000,0.0000,0.0000,False,True,False,False,False,221.5369,False
21.6543,0.0000,0.0000,0.0000,0.0000,False,True,False,False,False,222.8853,False
21.7015,0.0000,0.0000,0.0000,0.0000,False,True,False,False,False,224.1602,False
21.7472,0.0000,0.0000,0.0000,0.0000,False,True,False,False,False,225.3730,False
21.7924,0.0000,0.0000,0.0000,0.0000,False,True,False,False,False,226.5680,False
21.8395,0.0000,0.0000,0.0000,0.0000,False,True,False,False,False,227.7336,False
21.8858,0.0000,0.0000,0.0000,0.0000,False,True,False,False,False,228.9120,False
21.9322,0.0000,0.0000,0.0000,0.0000,False,True,False,False,False,230.1120,False
21.9783,0.0000,0.0000,0.0000,0.0000,False,True,False,False,False,231.3003,False
22.0235,0.0000,0.0000,0.0000,0.0000,False,True,False,False,False,232.4861,False
22.0728,0.0000,0.0000,0.0000,0.0000,False,True,False,False,False,233.6579,False
22.1188,0.0000,0.0000,0.0000,0.0000,False,True,False,False,False,234.8593,False
22.1657,0.0000,0.0000,0.0000,0.0000,False,True,False,False,False,236.0898,False
22.2173,0.0000,0.0000,0.0000,0.0000,False,True,False,False,False,237.2793,False
22.2717,0.0000,0.0000,0.0000,0.0000,False,True,False,False,False,238.5302,False
22.3181,0.0000,0.0000,0.0000,0.0000,False,True,False,False,False,239.8822,False
22.3658,0.0000,0.0000,0.0000,0.0000,False,True,False,False,False,241.1938,False
22.4119,0.0000,0.0000,0.0000,0.0000,False,True,False,False,False,242.3963,False
22.4572,0.0000,0.0000,0.0000,0.0000,False,True,False,False,False,243.6032,False
22.5035,0.0000,0.0000,0.0000,0.0000,False,True,False,False,False,244.7772,False
22.5545,0.0000,0.0000,0.0000,0.0000,False,True,False,False,False,245.9484,False
22.6045,0.0000,0.0000,0.0000,0.0000,False,True,False,False,False,247.1835,False
22.6510,0.0000,0.0000,0.0000,0.0000,False,True,False,False,False,248.4810,False
22.6986,0.0000,0.0000,0.0000,0.0000,False,True,False,False,False,249.7274,False
22.7451,0.0000,0.0000,0.0000,0.0000,False,True,False,False,False,250.9308,False
22.7920,0.0000,0.0000,0.0000,0.0000,False,True,False,False,False,252.1392,False
22.8386,0.0000,0.0000,0.0000,0.0000,False,True,False,False,False,253.3359,False
22.8860,0.0000,0.0000,0.0000,0.0000,False,True,False,False,False,254.5354,False
22.9360,0.0000,0.0000,0.0000,0.0000,False,True,False,False,False,255.7385,False
22.9893,0.0000,0.0000,0.0000,0.0000,False,True,False,False,False,256.9813,False
23.0355,0.0000,0.0000,0.0000,0.0000,False,True,False,False,False,258.2986,False
23.0845,0.0000,0.0000,0.0000,0.0000,False,True,False,False,False,259.5914,False
23.1317,0.0000,0.0000,0.0000,0.0000,False,True,False,False,False,260.8046,False
23.1785,0.0000,0.0000,0.0000,0.0000,False,True,False,False,False,262.0414,False
23.2257,0.0000,0.0000,0.0000,0.0000,False,True,False,False,False,263.2477,False
23.2712,0.0000,0.0000,0.0000,0.0000,False,True,False,False,False,264.4518,False
23.3166,0.0000,0.0000,0.0000,0.0000,False,True,False,False,False,265.6443,False
23.3642,0.0000,0.0000,0.0000,0.0000,False,True,False,False,False,266.8099,False
23.4121,0.0000,0.0000,0.0000,0.0000,False,True,False,False,False,267.9971,False
23.4586,0.0000,0.0000,0.0000,0.0000,False,True,False,False,False,269.2205,False
23.5056,0.0000,0.0000,0.0000,0.0000,False,True,False,False,False,270.4352,False
23.5569,0.0000,0.0000,0.0000,0.0000,False,True,False,False,False,271.6333,False
23.6040,0.0000,0.0000,0.0000,0.0000,False,True,False,False,False,272.8826,False
23.6548,0.0000,0.0000,0.0000,0.0000,False,True,False,False,False,274.1537,False
23.7117,0.0000,0.0000,0.0000,0.0000,False,True,False,False,False,275.4008,False
23.7611,0.0000,0.0000,0.0000,0.0000,False,True,False,False,False,276.7645,False
23.8086,0.0000,0.0000,0.0000,0.0000,False,True,False,False,False,278.1406,False
23.8575,0.0000,0.0000,0.0000,0.0000,False,True,False,False,False,279.3836,False
23.9054,0.0000,0.0000,0.0000,0.0000,False,True,False,False,False,280.6123,False
23.9536,0.0000,0.0000,0.0000,0.0000,False,True,False,False,False,281.8516,False
24.0026,0.0000,0.0000,0.0000,0.0000,False,True,False,False,False,283.0788,False
24.0502,0.0000,0.0000,0.0000,0.0000,False,True,False,False,False,284.3200,False
24.1127,0.0000,0.0000,0.0000,0.0000,False,True,False,False,False,285.5580,False
24.1631,0.0000,0.0000,0.0000,0.0000,False,True,False,False,False,286.9296,False
24.2133,0.0000,0.0000,0.0000,0.0000,False,True,False,False,False,288.4008,False
24.2622,0.0000,0.0000,0.0000,0.0000,False,True,False,False,False,289.6857,False
24.3094,0.0000,0.0000,0.0000,0.0000,False,True,False,False,False,290.9563,False
24.3580,0.0000,0.0000,0.0000,0.0000,False,True,False,False,False,292.1890,False
24.4081,0.0000,0.0000,0.0000,0.0000,False,True,False,False,False,293.4092,False
24.4618,0.0000,0.0000,0.0000,0.0000,False,True,False,False,False,294.6676,False
24.5124,0.0000,0.0000,0.0000,0.0000,False,True,False,False,False,295.9863,False
24.5622,0.0000,0.0000,0.0000,0.0000,False,True,False,False,False,297.3268,False
24.6145,0.0000,0.0000,0.0000,0.0000,False,True,False,False,False,298.6114,False
24.6632,0.0000,0.0000,0.0000,0.0000,False,True,False,False,False,299.9104,False
24.7149,0.0000,0.0000,0.0000,0.0000,False,True,False,False,False,301.2145,False
24.7657,0.0000,0.0000,0.0000,0.0000,False,True,False,False,False,302.4958,False
24.8216,0.0000,0.0000,0.0000,0.0000,False,True,False,False,False,303.8134,False
24.8836,0.0000,0.0000,0.0000,0.0000,False,True,False,False,False,305.1720,False
24.9426,0.0000,0.0000,0.0000,0.0000,False,True,False,False,False,306.6714,False
25.0014,0.0000,0.0000,0.0000,0.0000,False,True,False,False,False,308.2319,False
25.0591,0.0000,0.0000,0.0001,0.0000,False,True,False,False,False,309.7446,False
25.1172,0.0000,0.0000,0.0001,0.0000,False,True,False,False,False,311.2421,False
25.1689,0.0000,0.0000,0.0000,0.0000,False,True,False,False,False,312.7268,False
25.2265,0.0000,0.0000,0.0000,0.0000,False,True,False,False,False,314.1508,False
25.2917,0.0000,0.0000,0.0000,0.0000,False,True,False,False,False,315.5414,False
25.3512,0.0000,0.0000,0.0000,0.0000,False,True,False,False,False,317.1006,False
25.4100,0.0000,0.0000,0.0000,0.0000,False,True,False,False,False,318.7142,False
25.4647,0.0000,0.0000,0.0000,0.0000,False,True,False,False,False,320.2355,False
25.5156,0.0000,0.0000,0.0000,0.0000,False,True,False,False,False,321.7010,False
25.5652,0.0000,0.0000,0.0000,0.0000,False,True,False,False,False,323.0638,False
25.6170,0.0000,0.0000,0.0000,0.0000,False,True,False,False,False,324.3568,False
25.6663,0.0000,0.0000,0.0000,0.0000,False,True,False,False,False,325.6538,False
25.7177,0.0000,0.0000,0.0000,0.0000,False,True,False,False,False,326.9579,False
25.7680,0.0000,0.0000,0.0000,0.0000,False,True,False,False,False,328.2417,False
25.8181,0.0000,0.0000,0.0000,0.0000,False,True,False,False,False,329.5423,False
25.8694,0.0000,0.0000,0.0000,0.0000,False,True,False,False,False,330.8241,False
25.9232,0.0000,0.0000,0.0000,0.0000,False,True,False,False,False,332.1150,False
25.9735,0.0000,0.0000,0.0000,0.0000,False,True,False,False,False,333.4494,False
26.0288,0.0000,0.0000,0.0000,0.0000,False,True,False,False,False,334.7859,False
26.0914,0.0000,0.0000,0.0000,0.0000,False,True,False,False,False,336.1219,False
26.1454,0.0000,0.0000,0.0000,0.0000,False,True,False,False,False,337.6101,False
26.2026,0.0000,0.0000,0.0000,0.0000,False,True,False,False,False,339.1184,False
26.2609,0.0000,0.0000,0.0000,0.0000,False,True,False,False,False,340.5304,False
26.3171,0.0000,0.0000,0.0000,0.0000,False,True,False,False,False,342.0025,False
26.3743,0.0000,0.0000,0.0000,0.0000,False,True,False,False,False,343.4686,False
26.4349,0.0000,0.0000,0.0000,0.0000,False,True,False,False,False,344.9134,False
26.4924,0.0000,0.0000,0.0000,0.0000,False,True,False,False,False,346.4083,False
26.5534,0.0000,0.0000,0.0000,0.0000,False,True,False,False,False,347.9220,False
26.6182,0.0000,0.0000,0.0000,0.0000,False,True,False,False,False,349.4267,False
26.6759,0.0000,0.0000,0.0000,0.0000,False,True,False,False,False,351.0236,False
26.7390,0.0000,0.0000,0.0000,0.0000,False,True,False,False,False,352.6031,False
26.8022,0.0000,0.0000,0.0000,0.0000,False,False,False,False,False,352.6031,False
26.8628,0.0000,0.0000,0.0000,0.0000,False,False,False,False,False,352.6031,False
26.9261,0.0000,0.0000,0.0000,0.0000,False,False,False,False,False,352.6031,False
26.9899,0.0000,0.0000,0.0000,0.0000,False,False,False,False,False,352.6031,False
27.0422,0.0000,0.0000,0.0000,0.0000,False,False,False,False,False,352.6031,False
27.1127,0.0000,0.0000,0.0000,0.0000,False,False,False,False,False,352.6031,False
27.1714,0.0000,0.0000,0.0000,0.0000,False,False,False,False,False,352.6031,False
27.2289,0.0000,0.0000,0.0000,0.0000,False,False,False,False,False,352.6031,False
27.2846,0.0000,0.0000,0.0000,0.0000,False,False,False,False,False,352.6031,False
27.3425,0.0000,0.0000,0.0000,0.0000,False,False,False,False,False,352.6031,False
27.4026,0.0000,0.0000,0.0000,0.0000,False,False,False,False,False,352.6031,False
27.4609,0.0000,0.0000,0.0000,0.0000,False,False,False,False,False,352.6031,False
27.5186,0.0000,0.0000,0.0000,0.0000,False,False,False,False,False,352.6031,False
27.5783,0.0000,0.0000,0.0000,0.0000,False,False,False,False,False,352.6031,False
27.6451,0.0000,0.0000,0.0000,0.0000,False,False,False,False,False,352.6031,False
