Time,Accel,Brake,Car_Speed,Car_Status,Bike_Status,Bike_Distance
0.0200,0.0000,0.0000,0.0000,False,False,0.0000
0.0400,0.0000,0.0000,0.0000,False,False,0.0000
0.3733,0.0000,0.0000,0.0000,False,False,0.0000
0.4454,0.0000,0.0000,0.0000,False,False,0.0000
0.4676,0.0000,0.0000,0.0000,False,False,0.0000
0.5023,0.0000,0.0000,0.0000,False,False,0.0000
0.5183,0.0000,0.0000,0.0000,False,False,0.0000
0.5346,0.0000,0.0000,0.0000,False,False,0.0000
0.5659,0.0000,0.0000,0.0000,False,False,0.0000
0.6066,0.0000,0.0000,0.0000,False,False,0.0000
0.6525,0.0000,0.0000,0.0000,False,False,0.0000
0.6987,0.0000,0.0000,0.0000,False,False,0.0000
0.7195,0.0000,0.0000,0.0000,False,False,0.0000
0.7349,0.0000,0.0000,0.0000,False,False,0.0000
0.7494,0.0000,0.0000,0.0000,False,False,0.0000
0.7707,0.0000,0.0000,0.0000,False,False,0.0000
0.7902,1.0000,0.0000,0.0000,False,False,0.0000
0.8055,1.0000,0.0000,0.0000,False,False,0.0000
0.8296,1.0000,0.0000,0.0000,False,False,0.0000
0.8442,1.0000,0.0000,0.0000,False,False,0.0000
0.8645,1.0000,0.0000,0.0000,False,False,0.0000
0.8789,1.0000,0.0000,0.0000,False,False,0.0000
0.9005,1.0000,0.0000,0.0000,False,False,0.0000
0.9156,1.0000,0.0000,0.0000,False,False,0.0000
0.9293,1.0000,0.0000,0.0000,False,False,0.0000
0.9439,1.0000,0.0000,0.0000,False,False,0.0000
0.9663,1.0000,0.0000,0.0000,False,False,0.0000
0.9807,1.0000,0.0000,0.0000,False,False,0.0000
0.9952,1.0000,0.0000,0.0000,False,False,0.0000
1.0167,1.0000,0.0000,0.0000,False,False,0.0000
1.0312,1.0000,0.0000,0.0000,False,False,0.0000
1.0455,1.0000,0.0000,0.0000,False,False,0.0000
1.0601,1.0000,0.0000,0.0000,False,False,0.0000
1.0825,1.0000,0.0000,0.0000,False,False,0.0000
1.0968,1.0000,0.0000,0.0000,False,False,0.0000
1.1104,1.0000,0.0000,0.0000,False,False,0.0000
1.1343,1.0000,0.0000,0.0000,False,False,0.0000
1.1492,1.0000,0.0000,0.0000,False,False,0.0000
1.1641,1.0000,0.0000,0.0000,False,False,0.0000
1.1786,1.0000,0.0000,0.0000,False,False,0.0000
1.2004,1.0000,0.0000,0.0000,False,False,0.0000
1.2160,1.0000,0.0000,0.0000,False,False,0.0000
1.2300,1.0000,0.0000,0.0000,False,False,0.0000
1.2447,1.0000,0.0000,0.0000,False,False,0.0000
1.2671,1.0000,0.0000,0.0000,False,False,0.0000
1.2819,1.0000,0.0000,0.0000,False,False,0.0000
1.2962,1.0000,0.0000,0.0000,False,False,0.0000
1.3181,1.0000,0.0000,0.0000,False,False,0.0000
1.3327,1.0000,0.0000,0.0000,False,False,0.0000
1.3472,1.0000,0.0000,0.0000,False,False,0.0000
1.3618,1.0000,0.0000,0.0000,False,False,0.0000
1.3768,1.0000,0.0000,0.0000,False,False,0.0000
1.3990,1.0000,0.0000,0.0000,False,False,0.0000
1.4134,1.0000,0.0000,0.0000,False,False,0.0000
1.4284,1.0000,0.0000,0.0000,False,False,0.0000
1.4429,1.0000,0.0000,0.0000,False,False,0.0000
1.4658,1.0000,0.0000,0.0000,False,False,0.0000
1.4803,1.0000,0.0000,0.0000,False,False,0.0000
1.4955,1.0000,0.0000,0.0000,False,False,0.0000
1.5171,1.0000,0.0000,0.0000,False,False,0.0000
1.5319,1.0000,0.0000,0.0000,False,False,0.0000
1.5463,1.0000,0.0000,0.0000,False,False,0.0000
1.5611,1.0000,0.0000,0.0000,False,False,0.0000
1.5835,1.0000,0.0000,0.0000,False,False,0.0000
1.5979,1.0000,0.0000,0.0000,False,False,0.0000
1.6119,1.0000,0.0000,0.0000,False,False,0.0000
1.6263,1.0000,0.0000,0.0000,False,False,0.0000
1.6502,1.0000,0.0000,0.0000,False,False,0.0000
1.6651,1.0000,0.0000,0.0000,False,False,0.0000
1.6796,1.0000,0.0000,0.0000,False,False,0.0000
1.6936,1.0000,0.0000,0.0000,False,False,0.0000
1.7163,1.0000,0.0000,0.0000,False,False,0.0000
1.7313,1.0000,0.0000,0.0000,False,False,0.0000
1.7460,1.0000,0.0000,0.0000,False,False,0.0000
1.7609,1.0000,0.0000,0.0000,False,False,0.0000
1.7833,1.0000,0.0000,0.0000,False,False,0.0000
1.7981,1.0000,0.0000,0.0000,False,False,0.0000
1.8116,1.0000,0.0000,0.0000,False,False,0.0000
1.8346,1.0000,0.0000,0.0000,False,False,0.0000
1.8492,1.0000,0.0000,0.0000,False,False,0.0000
1.8641,1.0000,0.0000,0.0000,False,False,0.0000
1.8786,1.0000,0.0000,0.0000,False,False,0.0000
1.9004,1.0000,0.0000,0.0000,False,False,0.0000
1.9153,1.0000,0.0000,0.0000,False,False,0.0000
1.9291,1.0000,0.0000,0.0000,False,False,0.0000
1.9437,1.0000,0.0000,0.0000,False,False,0.0000
1.9667,1.0000,0.0000,0.0000,False,False,0.0000
1.9815,1.0000,0.0000,0.0000,False,False,0.0000
1.9963,1.0000,0.0000,0.0000,False,False,0.0000
2.0099,1.0000,0.0000,0.0000,False,False,0.0000
2.0327,1.0000,0.0000,0.0000,False,False,0.0000
2.0470,1.0000,0.0000,0.0000,False,False,0.0000
2.0619,1.0000,0.0000,0.0000,False,False,0.0000
2.0763,1.0000,0.0000,0.0000,False,False,0.0000
2.0985,1.0000,0.0000,0.0000,False,False,0.0000
2.1130,1.0000,0.0000,0.0000,False,False,0.0000
2.1285,1.0000,0.0000,0.0000,False,False,0.0000
2.1433,1.0000,0.0000,0.0000,False,False,0.0000
2.1665,1.0000,0.0000,0.0000,False,False,0.0000
2.1813,1.0000,0.0000,0.0000,False,False,0.0000
2.1961,1.0000,0.0000,0.0000,False,False,0.0000
2.2177,1.0000,0.0000,0.0000,False,False,0.0000
2.2328,1.0000,0.0000,0.0000,False,False,0.0000
2.2474,1.0000,0.0000,0.0000,False,False,0.0000
2.2624,1.0000,0.0000,0.0000,False,False,0.0000
2.2768,1.0000,0.0000,0.0000,False,False,0.0000
2.2994,1.0000,0.0000,0.0000,False,False,0.0000
2.3142,1.0000,0.0000,0.0000,False,False,0.0000
2.3292,1.0000,0.0000,0.0000,False,False,0.0000
2.3438,1.0000,0.0000,0.0000,False,False,0.0000
2.3675,1.0000,0.0000,0.0000,False,False,0.0000
2.3819,1.0000,0.0000,0.0000,False,False,0.0000
2.3971,1.0000,0.0000,0.0000,False,False,0.0000
2.4109,1.0000,0.0000,0.0000,False,False,0.0000
2.4341,1.0000,0.0000,0.0000,False,False,0.0000
2.4492,1.0000,0.0000,0.0000,False,False,0.0000
2.4638,1.0000,0.0000,0.0000,False,False,0.0000
2.4788,1.0000,0.0000,0.0000,False,False,0.0000
2.5011,1.0000,0.0000,0.0000,False,False,0.0000
2.5166,1.0000,0.0000,0.0000,False,False,0.0000
2.5307,1.0000,0.0000,0.0000,False,False,0.0000
2.5455,1.0000,0.0000,0.0000,False,False,0.0000
2.5604,1.0000,0.0000,0.0000,False,False,0.0000
2.5832,1.0000,0.0000,0.0000,False,False,0.0000
2.5982,1.0000,0.0000,0.0000,False,False,0.0000
2.6122,1.0000,0.0000,0.0000,False,False,0.0000
2.6275,1.0000,0.0000,0.0000,False,False,0.0000
2.6430,1.0000,0.0000,0.0000,False,False,0.0000
2.6662,1.0000,0.0000,0.0000,False,False,0.0000
2.6808,1.0000,0.0000,0.0000,False,False,0.0000
2.6959,1.0000,0.0000,0.0000,False,False,0.0000
2.7183,1.0000,0.0000,0.0000,False,False,0.0000
2.7336,1.0000,0.0000,0.0000,False,False,0.0000
2.7492,1.0000,0.0000,0.0000,False,False,0.0000
2.7639,1.0000,0.0000,0.0000,False,False,0.0000
2.7792,1.0000,0.0000,0.0000,False,False,0.0000
2.7930,1.0000,0.0000,0.0000,False,False,0.0000
2.8162,1.0000,0.0000,0.0000,False,False,0.0000
2.8312,1.0000,0.0000,0.0000,False,False,0.0000
2.8458,1.0000,0.0000,0.0000,False,False,0.0000
2.8610,1.0000,0.0000,0.0000,False,False,0.0000
2.8837,1.0000,0.0000,0.0000,False,False,0.0000
2.8988,1.0000,0.0000,0.0000,False,False,0.0000
2.9129,1.0000,0.0000,0.0000,False,False,0.0000
2.9281,1.0000,0.0000,0.0000,False,False,0.0000
2.9432,1.0000,0.0000,0.0000,False,False,0.0000
2.9667,1.0000,0.0000,0.0000,False,False,0.0000
2.9818,1.0000,0.0000,0.0000,False,False,0.0000
2.9966,1.0000,0.0000,0.0000,False,False,0.0000
3.0103,1.0000,0.0000,0.0000,False,False,0.0000
3.0337,1.0000,0.0000,0.0000,False,False,0.0000
3.0490,1.0000,0.0000,0.0000,False,False,0.0000
3.0639,1.0000,0.0000,0.0000,False,False,0.0000
3.0791,1.0000,0.0000,0.0000,False,False,0.0000
3.1010,1.0000,0.0000,0.0000,False,False,0.0000
3.1165,1.0000,0.0000,0.0000,False,False,0.0000
3.1303,1.0000,0.0000,0.0000,False,False,0.0000
3.1451,1.0000,0.0000,0.0000,False,False,0.0000
3.1600,1.0000,0.0000,0.0000,False,False,0.0000
3.1835,1.0000,0.0000,0.0000,False,False,0.0000
3.1982,1.0000,0.0000,0.0000,False,False,0.0000
3.2120,1.0000,0.0000,0.0000,False,False,0.0000
3.2271,1.0000,0.0000,0.0000,False,False,0.0000
3.2503,1.0000,0.0000,0.0000,False,False,0.0000
3.2651,1.0000,0.0000,0.0000,False,False,0.0000
3.2802,1.0000,0.0000,0.0000,False,False,0.0000
3.2961,1.0000,0.0000,0.0000,False,False,0.0000
3.3102,1.0000,0.0000,0.0000,False,False,0.0000
3.3330,1.0000,0.0000,0.0000,False,False,0.0000
3.3481,1.0000,0.0000,0.0000,False,False,0.0000
3.3630,1.0000,0.0000,0.0000,False,False,0.0000
3.3781,1.0000,0.0000,0.0000,False,False,0.0000
3.4000,1.0000,0.0000,0.0000,False,False,0.0000
3.4155,1.0000,0.0000,0.0000,False,False,0.0000
3.4297,1.0000,0.0000,0.0000,False,False,0.0000
3.4444,1.0000,0.0000,0.0000,False,False,0.0000
3.4676,1.0000,0.0000,0.0000,False,False,0.0000
3.4826,1.0000,0.0000,0.0000,False,False,0.0000
3.4973,1.0000,0.0000,0.0000,False,False,0.0000
3.5119,1.0000,0.0000,0.0000,False,False,0.0000
3.5266,1.0000,0.0000,0.0000,False,False,0.0000
3.5498,1.0000,0.0000,0.0000,False,False,0.0000
3.5647,1.0000,0.0000,0.0000,False,False,0.0000
3.5803,1.0000,0.0000,0.0000,False,False,0.0000
3.5952,1.0000,0.0000,0.0000,False,False,0.0000
3.6174,1.0000,0.0000,0.0000,False,False,0.0000
3.6322,1.0000,0.0000,0.0000,False,False,0.0000
3.6477,1.0000,0.0000,0.0000,False,False,0.0000
3.6625,1.0000,0.0000,0.0000,False,False,0.0000
3.6775,1.0000,0.0000,0.0000,False,False,0.0000
3.7000,1.0000,0.0000,0.0000,False,False,0.0000
3.7147,1.0000,0.0000,0.0000,False,False,0.0000
3.7295,1.0000,0.0000,0.0000,False,False,0.0000
3.7447,1.0000,0.0000,0.0000,False,False,0.0000
3.7597,1.0000,0.0000,0.0000,False,False,0.0000
3.7821,1.0000,0.0000,0.0000,False,False,0.0000
3.7973,1.0000,0.0000,0.0000,False,False,0.0000
3.8116,1.0000,0.0000,0.0000,False,False,0.0000
3.8263,1.0000,0.0000,0.0000,False,False,0.0000
3.8495,1.0000,0.0000,0.0000,False,False,0.0000
3.8642,1.0000,0.0000,0.0000,False,False,0.0000
3.8794,1.0000,0.0000,0.0000,False,False,0.0000
3.8935,1.0000,0.0000,0.0000,False,False,0.0000
3.9168,1.0000,0.0000,0.0000,False,False,0.0000
3.9317,1.0000,0.0000,0.0000,False,False,0.0000
3.9469,1.0000,0.0000,0.0000,False,False,0.0000
3.9619,1.0000,0.0000,0.0000,False,False,0.0000
3.9770,1.0000,0.0000,0.0000,False,False,0.0000
3.9997,1.0000,0.0000,0.0000,False,False,0.0000
4.0144,1.0000,0.0000,0.0000,False,False,0.0000
4.0298,1.0000,0.0000,0.0000,False,False,0.0000
4.0454,1.0000,0.0000,0.0000,False,False,0.0000
4.0602,1.0000,0.0000,0.0000,False,False,0.0000
4.0838,1.0000,0.0000,0.0000,False,False,0.0000
4.0985,1.0000,0.0000,0.0000,False,False,0.0000
4.1128,1.0000,0.0000,0.0000,False,False,0.0000
4.1278,1.0000,0.0000,0.0000,False,False,0.0000
4.1510,1.0000,0.0000,0.0000,False,False,0.0000
4.1660,1.0000,0.0000,0.0000,False,False,0.0000
4.1811,1.0000,0.0000,0.0000,False,False,0.0000
4.1966,1.0000,0.0000,0.0000,False,False,0.0000
4.2111,1.0000,0.0000,0.0000,False,False,0.0000
4.2262,1.0000,0.0000,0.0000,False,False,0.0000
4.2501,1.0000,0.0000,0.0000,False,False,0.0000
4.2654,1.0000,0.0000,0.0000,False,False,0.0000
4.2810,1.0000,0.0000,0.0000,False,False,0.0000
4.2965,1.0000,0.0000,0.0000,False,False,0.0000
4.3110,1.0000,0.0000,0.0000,False,False,0.0000
4.3259,1.0000,0.0000,0.0000,False,False,0.0000
4.3496,1.0000,0.0000,0.0000,False,False,0.0000
4.3647,1.0000,0.0000,0.0000,False,False,0.0000
4.3803,1.0000,0.0000,0.0000,False,False,0.0000
4.3956,1.0000,0.0000,0.0000,False,False,0.0000
4.4104,1.0000,0.0000,0.0000,False,False,0.0000
4.4259,1.0000,0.0000,0.0000,False,False,0.0000
4.4500,1.0000,0.0000,0.0000,False,False,0.0000
4.4656,1.0000,0.0000,0.0000,False,False,0.0000
4.4808,1.0000,0.0000,0.0000,False,False,0.0000
4.4962,1.0000,0.0000,0.0000,False,False,0.0000
4.5108,1.0000,0.0000,0.0000,False,False,0.0000
4.5274,1.0000,0.0000,0.0000,False,False,0.0000
4.5425,1.0000,0.0000,0.0000,False,False,0.0000
4.5663,1.0000,0.0000,0.0000,False,False,0.0000
4.5815,1.0000,0.0000,0.0000,False,False,0.0000
4.5966,1.0000,0.0000,0.0000,False,False,0.0000
4.6114,1.0000,0.0000,0.0000,False,False,0.0000
4.6269,1.0000,0.0000,0.0000,False,False,0.0000
4.6435,1.0000,0.0000,0.0000,False,False,0.0000
4.6591,1.0000,0.0000,0.0000,False,False,0.0000
4.6822,1.0000,0.0000,0.0000,False,False,0.0000
4.6984,1.0000,0.0000,0.0000,False,False,0.0000
4.7133,1.0000,0.0000,0.0000,False,False,0.0000
4.7289,1.0000,0.0000,0.0000,False,False,0.0000
4.7460,1.0000,0.0000,0.0000,False,False,0.0000
4.7623,1.0000,0.0000,0.0000,False,False,0.0000
4.7777,1.0000,0.0000,0.0000,False,False,0.0000
4.8012,1.0000,0.0000,0.0000,False,False,0.0000
4.8168,1.0000,0.0000,0.0000,False,False,0.0000
4.8321,1.0000,0.0000,0.0000,False,False,0.0000
4.8476,1.0000,0.0000,0.0000,False,False,0.0000
4.8639,1.0000,0.0000,0.0000,False,False,0.0000
4.8792,1.0000,0.0000,0.0000,False,False,0.0000
4.8941,1.0000,0.0000,0.0000,False,False,0.0000
4.9095,1.0000,0.0000,0.0000,False,False,0.0000
4.9333,1.0000,0.0000,0.0000,False,False,0.0000
4.9493,1.0000,0.0000,0.0000,False,False,0.0000
4.9656,1.0000,0.0000,0.0000,False,False,0.0000
4.9819,1.0000,0.0000,0.0000,False,False,0.0000
4.9978,1.0000,0.0000,0.0000,False,False,0.0000
5.0124,1.0000,0.0000,0.0000,False,False,0.0000
5.0286,1.0000,0.0000,0.0000,False,False,0.0000
5.0442,1.0000,0.0000,0.0000,False,False,0.0000
5.0600,1.0000,0.0000,0.0000,False,False,0.0000
5.0834,1.0000,0.0000,0.0000,False,False,0.0000
5.1000,1.0000,0.0000,0.0000,False,False,0.0000
5.1157,1.0000,0.0000,0.0000,False,False,0.0000
5.1309,1.0000,0.0000,0.0000,False,False,0.0000
5.1468,1.0000,0.0000,0.0000,False,False,0.0000
5.1630,1.0000,0.0000,0.0000,False,False,0.0000
5.1790,1.0000,0.0000,0.0000,False,False,0.0000
5.1947,1.0000,0.0000,0.0000,False,False,0.0000
5.2108,1.0000,0.0000,0.0000,False,False,0.0000
5.2271,1.0000,0.0000,0.0000,False,False,0.0000
5.2430,1.0000,0.0000,0.0000,False,False,0.0000
5.2677,1.0000,0.0000,0.0000,False,False,0.0000
5.2833,1.0000,0.0000,0.0000,False,False,0.0000
5.2997,1.0000,0.0000,0.0000,False,False,0.0000
5.3148,1.0000,0.0000,0.0000,False,False,0.0000
5.3312,1.0000,0.0000,0.0000,False,False,0.0000
5.3470,1.0000,0.0000,0.0000,False,False,0.0000
5.3629,1.0000,0.0000,0.0000,False,False,0.0000
5.3791,1.0000,0.0000,0.0000,False,False,0.0000
5.3948,1.0000,0.0000,0.0000,False,False,0.0000
5.4105,1.0000,0.0000,0.0000,False,False,0.0000
5.4268,1.0000,0.0000,0.0000,False,False,0.0000
5.4426,1.0000,0.0000,0.0000,False,False,0.0000
5.4674,1.0000,0.0000,0.0000,False,False,0.0000
5.4832,1.0000,0.0000,0.0000,False,False,0.0000
5.4995,1.0000,0.0000,0.0000,False,False,0.0000
5.5143,1.0000,0.0000,0.0000,False,False,0.0000
5.5305,1.0000,0.0000,0.0000,False,False,0.0000
5.5463,1.0000,0.0000,0.0000,False,False,0.0000
5.5626,1.0000,0.0000,0.0000,False,False,0.0000
5.5787,1.0000,0.0000,0.0000,False,False,0.0000
5.5937,1.0000,0.0000,0.0000,False,False,0.0000
5.6100,1.0000,0.0000,0.0000,False,False,0.0000
5.6354,1.0000,0.0000,0.0000,False,False,0.0000
5.6518,1.0000,0.0000,0.0000,False,False,0.0000
5.6681,1.0000,0.0000,0.0000,False,False,0.0000
5.6843,1.0000,0.0000,0.0000,False,False,0.0000
5.7006,1.0000,0.0000,0.0000,False,False,0.0000
5.7168,1.0000,0.0000,0.0000,False,False,0.0000
5.7331,1.0000,0.0000,0.0000,False,False,0.0000
5.7495,1.0000,0.0000,0.0000,False,False,0.0000
5.7660,1.0000,0.0000,0.0000,False,False,0.0000
5.7826,1.0000,0.0000,0.0000,False,False,0.0000
5.7989,1.0000,0.0000,0.0000,False,False,0.0000
5.8154,1.0000,0.0000,0.0000,False,False,0.0000
5.8316,1.0000,0.0000,0.0000,False,False,0.0000
5.8483,1.0000,0.0000,0.0000,False,False,0.0000
5.8645,1.0000,0.0000,0.0000,False,False,0.0000
5.8806,1.0000,0.0000,0.0000,False,False,0.0000
5.8970,1.0000,0.0000,0.0000,False,False,0.0000
5.9125,1.0000,0.0000,0.0000,False,False,0.0000
5.9290,1.0000,0.0000,0.0000,False,False,0.0000
5.9452,1.0000,0.0000,0.0000,False,False,0.0000
5.9619,1.0000,0.0000,0.0000,False,False,0.0000
5.9782,1.0000,0.0000,0.0000,False,False,0.0000
5.9943,1.0000,0.0000,0.0000,False,False,0.0000
6.0107,1.0000,0.0000,0.0000,False,False,0.0000
6.0273,1.0000,0.0000,0.0000,False,False,0.0000
6.0436,1.0000,0.0000,0.0000,False,False,0.0000
6.0604,1.0000,0.0000,0.0000,False,False,0.0000
6.0767,1.0000,0.0000,0.0000,False,False,0.0000
6.1016,1.0000,0.0000,0.0000,False,False,0.0000
6.1186,1.0000,0.0000,0.0000,False,False,0.0000
6.1339,1.0000,0.0000,0.0000,False,False,0.0000
6.1507,1.0000,0.0000,0.0000,False,False,0.0000
6.1670,1.0000,0.0000,0.0000,False,False,0.0000
6.1836,1.0000,0.0000,0.0000,False,False,0.0000
6.2000,1.0000,0.0000,0.0000,False,False,0.0000
6.2163,1.0000,0.0000,0.0000,False,False,0.0000
6.2322,1.0000,0.0000,0.0000,False,False,0.0000
6.2482,1.0000,0.0000,0.0000,False,False,0.0000
6.2648,1.0000,0.0000,0.0000,False,False,0.0000
6.2811,1.0000,0.0000,0.0000,False,False,0.0000
6.2980,1.0000,0.0000,0.0000,False,False,0.0000
6.3135,1.0000,0.0000,0.0000,False,False,0.0000
6.3300,1.0000,0.0000,0.0000,False,False,0.0000
6.3467,1.0000,0.0000,0.0000,False,False,0.0000
6.3630,1.0000,0.0000,0.0000,False,False,0.0000
6.3798,1.0000,0.0000,0.0000,False,False,0.0000
6.3954,1.0000,0.0000,0.0000,False,False,0.0000
6.4121,1.0000,0.0000,0.0000,False,False,0.0000
6.4284,1.0000,0.0000,0.0000,False,False,0.0000
6.4460,1.0000,0.0000,0.0000,False,False,0.0000
6.4632,0.0000,0.0000,0.0000,False,False,0.0000
6.4796,0.0000,0.0000,0.0000,False,False,0.0000
6.4951,0.0000,0.0000,0.0000,False,False,0.0000
6.5115,0.0000,0.0000,0.0000,False,False,0.0000
6.5279,0.0000,0.0000,0.0000,False,False,0.0000
6.5454,0.0000,0.0000,0.0000,False,False,0.0000
6.5713,0.0000,0.0000,0.0000,False,False,0.0000
6.5878,0.0000,0.0000,0.0000,False,False,0.0000
6.6038,0.0000,0.0000,0.0000,False,False,0.0000
6.6201,0.0000,0.0000,0.0000,False,False,0.0000
6.6372,0.0000,0.0000,0.0000,False,False,0.0000
6.6529,0.0000,0.0000,0.0000,False,False,0.0000
6.6693,0.0000,0.0000,0.0000,False,False,0.0000
6.6885,0.0000,0.0000,0.0000,False,False,0.0000
6.7045,0.0000,0.0000,0.0000,False,False,0.0000
6.7209,0.0000,0.0000,0.0000,False,False,0.0000
6.7387,0.0000,0.0000,0.0000,False,False,0.0000
6.7547,0.0000,0.0000,0.0000,False,False,0.0000
6.7726,0.0000,0.0000,0.0000,False,False,0.0000
6.7937,0.0000,0.0000,0.0000,False,False,0.0000
6.8148,0.0000,0.0000,0.0000,False,False,0.0000
6.8363,0.0000,0.0000,0.0000,False,False,0.0000
6.8580,0.0000,0.0000,0.0000,False,False,0.0000
6.8794,0.0000,0.0000,0.0000,False,False,0.0000
6.9011,0.0000,0.0000,0.0000,False,False,0.0000
6.9233,0.0000,0.0000,0.0000,False,False,0.0000
6.9462,0.0000,0.0000,0.0000,False,False,0.0000
6.9681,0.0000,0.0000,0.0000,False,False,0.0000
6.9902,0.0000,0.0000,0.0000,False,False,0.0000
7.0128,0.0000,0.0000,0.0000,False,False,0.0000
7.0348,0.0000,0.0000,0.0000,False,False,0.0000
7.0576,0.0000,0.0000,0.0000,False,False,0.0000
7.0797,0.0000,0.0000,0.0000,False,False,0.0000
7.1004,0.0000,0.0000,0.0000,False,False,0.0000
7.1198,0.0000,0.0000,0.0000,False,False,0.0000
7.1377,0.0000,0.0000,0.0000,False,False,0.0000
7.1584,0.0000,0.0000,0.0000,False,False,0.0000
7.1766,0.0000,0.0000,0.0000,False,False,0.0000
7.1943,0.0000,0.0000,0.0000,False,False,0.0000
7.2114,0.0000,0.0000,0.0000,False,False,0.0000
7.2281,0.0000,0.0000,0.0000,False,False,0.0000
7.2447,0.0000,0.0000,0.0000,False,False,0.0000
7.2620,0.0000,0.0000,0.0000,False,False,0.0000
7.2798,0.0000,0.0000,0.0000,False,False,0.0000
7.2971,0.0000,0.0000,0.0000,False,False,0.0000
7.3162,0.0000,0.0000,0.0000,False,False,0.0000
7.3379,0.0000,0.0000,0.0000,False,False,0.0000
7.3639,0.0000,0.0000,0.0000,False,False,0.0000
7.3891,0.0000,0.0000,0.0000,False,False,0.0000
7.4121,0.0000,0.0000,0.0000,False,False,0.0000
7.4347,0.0000,0.0000,0.0000,False,False,0.0000
7.4579,0.0000,0.0000,0.0000,False,False,0.0000
7.4832,0.0000,0.0000,0.0000,False,False,0.0000
7.5092,0.0000,0.0000,0.0000,False,False,0.0000
7.5313,0.0000,0.0000,0.0000,False,False,0.0000
7.5519,0.0000,0.0000,0.0000,False,False,0.0000
7.5716,0.0000,0.0000,0.0000,False,False,0.0000
7.5907,0.0000,0.0000,0.0000,False,False,0.0000
7.6096,0.0000,0.0000,0.0000,False,False,0.0000
7.6282,0.0000,0.0000,0.0000,False,False,0.0000
7.6465,0.0000,0.0000,0.0000,False,False,0.0000
7.6641,0.0000,0.0000,0.0000,False,False,0.0000
7.6813,0.0000,0.0000,0.0000,False,False,0.0000
7.6983,0.0000,0.0000,0.0000,False,False,0.0000
7.7144,0.0000,0.0000,0.0000,False,False,0.0000
7.7318,0.0000,0.0000,0.0000,False,False,0.0000
7.7488,0.0000,0.0000,0.0000,False,False,0.0000
7.7659,0.0000,0.0000,0.0000,False,False,0.0000
7.7829,0.0000,0.0000,0.0000,False,False,0.0000
7.8003,0.0000,0.0000,0.0000,False,False,0.0000
7.8178,0.0000,0.0000,0.0000,False,False,0.0000
7.8342,0.0000,0.0000,0.0000,False,False,0.0000
7.8515,0.0000,0.0000,0.0000,False,False,0.0000
7.8688,0.0000,0.0000,0.0000,False,False,0.0000
7.8863,0.0000,0.0000,0.0000,False,False,0.0000
7.9038,0.0000,0.0000,0.0000,False,False,0.0000
7.9212,0.0000,0.0000,0.0000,False,False,0.0000
7.9399,0.0000,0.0000,0.0000,False,False,0.0000
7.9568,0.0000,0.0000,0.0000,False,False,0.0000
7.9746,0.0000,0.0000,0.0000,False,False,0.0000
7.9925,0.0000,0.0000,0.0000,False,False,0.0000
8.0104,0.0000,0.0000,0.0000,False,False,0.0000
8.0283,0.0000,0.0000,0.0000,False,False,0.0000
8.0463,0.0000,0.0000,0.0000,False,False,0.0000
8.0644,0.0000,0.0000,0.0000,False,False,0.0000
8.0824,0.0000,0.0000,0.0000,False,False,0.0000
8.1004,0.0000,0.0000,0.0000,False,False,0.0000
8.1210,0.0000,0.0000,0.0000,False,False,0.0000
8.1391,0.0000,0.0000,0.0000,False,False,0.0000
8.1569,0.0000,0.0000,0.0000,False,False,0.0000
8.1749,0.0000,0.0000,0.0000,False,False,0.0000
8.1940,0.0000,0.0000,0.0000,False,False,0.0000
8.2124,0.0000,0.0000,0.0000,False,False,0.0000
8.2302,0.0000,0.0000,0.0000,False,False,0.0000
8.2481,0.0000,0.0000,0.0000,False,False,0.0000
8.2660,0.0000,0.0000,0.0000,False,False,0.0000
8.2839,0.0000,0.0000,0.0000,False,False,0.0000
8.3020,0.0000,0.0000,0.0000,False,False,0.0000
8.3204,0.0000,0.0000,0.0000,False,False,0.0000
8.3388,0.0000,0.0000,0.0000,False,False,0.0000
8.3569,0.0000,0.0000,0.0000,False,False,0.0000
8.3769,0.0000,0.0000,0.0000,False,False,0.0000
8.4026,0.0000,0.0000,0.0000,False,False,0.0000
8.4247,0.0000,0.0000,0.0000,False,False,0.0000
8.4465,0.0000,0.0000,0.0000,False,False,0.0000
8.4681,0.0000,0.0000,0.0000,False,False,0.0000
8.4897,0.0000,0.0000,0.0000,False,False,0.0000
8.5113,0.0000,0.0000,0.0000,False,False,0.0000
8.5331,0.0000,0.0000,0.0000,False,False,0.0000
8.5553,0.0000,0.0000,0.0000,False,False,0.0000
8.5795,0.0000,0.0000,0.0000,False,False,0.0000
8.6016,0.0000,0.0000,0.0000,False,False,0.0000
8.6237,0.0000,0.0000,0.0000,False,False,0.0000
8.6462,0.0000,0.0000,0.0000,False,False,0.0000
8.6687,0.0000,0.0000,0.0000,False,False,0.0000
8.6905,0.0000,0.0000,0.0000,False,False,0.0000
8.7125,0.0000,0.0000,0.0000,False,False,0.0000
8.7361,0.0000,0.0000,0.0000,False,False,0.0000
8.7576,0.0000,0.0000,0.0000,False,False,0.0000
8.7793,0.0000,0.0000,0.0000,False,False,0.0000
8.8014,0.0000,0.0000,0.0000,False,False,0.0000
8.8232,0.0000,0.0000,0.0000,False,False,0.0000
8.8450,0.0000,0.0000,0.0000,False,False,0.0000
8.8677,0.0000,0.0000,0.0000,False,False,0.0000
8.8896,0.0000,0.0000,0.0000,False,False,0.0000
8.9113,0.0000,0.0000,0.0000,False,False,0.0000
8.9328,0.0000,0.0000,0.0000,False,False,0.0000
8.9544,0.0000,0.0000,0.0000,False,False,0.0000
8.9769,0.0000,0.0000,0.0000,False,False,0.0000
8.9987,0.0000,0.0000,0.0000,False,False,0.0000
9.0205,0.0000,0.0000,0.0000,False,False,0.0000
9.0426,0.0000,0.0000,0.0000,False,False,0.0000
9.0642,0.0000,0.0000,0.0000,False,False,0.0000
9.0872,0.0000,0.0000,0.0000,False,False,0.0000
9.1090,0.0000,0.0000,0.0000,False,False,0.0000
9.1308,0.0000,0.0000,0.0000,False,False,0.0000
9.1530,0.0000,0.0000,0.0000,False,False,0.0000
9.1749,0.0000,0.0000,0.0000,False,False,0.0000
9.1971,0.0000,0.0000,0.0000,False,False,0.0000
9.2193,0.0000,0.0000,0.0000,False,False,0.0000
9.2416,0.0000,0.0000,0.0000,False,False,0.0000
9.2640,0.0000,0.0000,0.0000,False,False,0.0000
9.2897,0.0000,0.0000,0.0000,False,True,0.0000
9.3120,0.0000,0.0000,0.0000,False,True,0.0000
9.3365,0.0000,0.0000,0.0000,False,True,0.0000
9.3595,0.0000,0.0000,0.0000,False,True,0.0000
9.3798,0.0000,0.0000,0.0000,False,True,0.0000
9.3996,0.0000,0.0000,0.0000,False,True,0.0000
9.4191,0.0000,0.0000,0.0000,False,True,0.0000
9.4383,0.0000,0.0000,0.0000,False,True,0.0000
9.4574,0.0000,0.0000,0.0000,False,True,0.0000
9.4772,0.0000,0.0000,0.0000,False,True,0.0000
9.4961,0.0000,0.0000,0.0000,False,True,0.0000
9.5148,0.0000,0.0000,0.0000,False,True,0.0000
9.5332,0.0000,0.0000,0.0000,False,True,0.0000
9.5519,0.0000,0.0000,0.0000,False,True,0.0000
9.5716,0.0000,0.0000,0.0000,False,True,0.0000
9.5902,0.0000,0.0000,0.0000,False,True,0.0000
9.6087,0.0000,0.0000,0.0000,False,True,0.0000
9.6272,0.0000,0.0000,0.0000,False,True,0.0000
9.6476,0.0000,0.0000,0.0000,False,True,0.0000
9.6673,0.0000,0.0000,0.0000,False,True,0.0000
9.6878,0.0000,0.0000,0.0000,False,True,0.0000
9.7106,0.0000,0.0000,0.0000,False,True,0.0000
9.7353,0.0000,0.0000,0.0000,False,True,0.0000
9.7588,0.0000,0.0000,0.0000,False,True,0.0000
9.7834,0.0000,0.0000,0.0000,False,True,0.0000
9.8083,0.0000,0.0000,0.0000,False,True,0.0000
9.8332,0.0000,0.0000,0.0000,False,True,0.0000
9.8588,0.0000,0.0000,0.0000,False,True,0.0000
9.8845,0.0000,0.0000,0.0000,False,True,0.0000
9.9102,0.0000,0.0000,0.0000,False,True,0.0000
9.9360,0.0000,0.0000,0.0000,False,True,0.0000
9.9646,0.0000,0.0000,0.0000,False,True,0.0000
9.9929,0.0000,0.0000,0.0000,False,True,0.0000
10.0188,0.0000,0.0000,0.0000,False,True,0.0000
10.0445,0.0000,0.0000,0.0000,False,True,0.0000
10.0699,0.0000,0.0000,0.0000,False,True,0.0000
10.0939,0.0000,0.0000,0.0000,False,True,0.0000
10.1166,0.0000,0.0000,0.0000,False,True,0.0000
10.1392,0.0000,0.0000,0.0000,False,True,0.0000
10.1609,0.0000,0.0000,0.0000,False,True,0.0000
10.1827,0.0000,0.0000,0.0000,False,True,0.0000
10.2051,0.0000,0.0000,0.0000,False,True,0.0000
10.2263,0.0000,0.0000,0.0000,False,True,0.0000
10.2484,0.0000,0.0000,0.0000,False,True,0.0000
10.2690,0.0000,0.0000,0.0000,False,True,0.0000
10.2899,0.0000,0.0000,0.0000,False,True,0.0000
10.3107,0.0000,0.0000,0.0000,False,True,0.0000
10.3322,0.0000,0.0000,0.0000,False,True,0.0000
10.3532,0.0000,0.0000,0.0000,False,True,0.0000
10.3740,0.0000,0.0000,0.0000,False,True,0.0000
10.3961,0.0000,0.0000,0.0000,False,True,0.0000
10.4177,0.0000,0.0000,0.0000,False,True,0.0000
10.4415,0.0000,0.0000,0.0000,False,True,0.0000
10.4635,0.0000,0.0000,0.0000,False,True,0.0000
10.4852,0.0000,0.0000,0.0000,False,True,0.0000
10.5065,0.0000,0.0000,0.0000,False,True,0.0000
10.5284,0.0000,0.0000,0.0000,False,True,0.0000
10.5512,0.0000,0.0000,0.0000,False,True,0.0000
10.5747,0.0000,0.0000,0.0000,False,True,0.0000
10.5980,0.0000,0.0000,0.0000,False,True,0.0000
10.6194,0.0000,0.0000,0.0000,False,True,0.0000
10.6413,0.0000,0.0000,0.0000,False,True,0.0000
10.6638,0.0000,0.0000,0.0000,False,True,0.0000
10.6850,0.0000,0.0000,0.0000,False,True,0.0000
10.7073,0.0000,0.0000,0.0000,False,True,0.0000
10.7287,0.0000,0.0000,0.0000,False,True,0.0000
10.7519,0.0000,0.0000,0.0000,False,True,0.0000
10.7735,0.0000,0.0000,0.0000,False,True,0.0000
10.7955,0.0000,0.0000,0.0000,False,True,0.0000
10.8172,0.0000,0.0000,0.0000,False,True,0.0000
10.8385,0.0000,0.0000,0.0000,False,True,0.0000
10.8600,0.0000,0.0000,0.0000,False,True,0.0000
10.8816,0.0000,0.0000,0.0000,False,True,0.0000
10.9029,0.0000,0.0000,0.0000,False,True,0.0000
10.9243,0.0000,0.0000,0.0000,False,True,0.0000
10.9461,0.0000,0.0000,0.0000,False,True,0.0000
10.9671,0.0000,0.0000,0.0000,False,True,0.0000
10.9880,0.0000,0.0000,0.0000,False,True,0.0000
11.0090,0.0000,0.0000,0.0000,False,True,0.0000
11.0311,0.0000,0.0000,0.0000,False,True,0.0000
11.0519,0.0000,0.0000,0.0000,False,True,0.0000
11.0732,0.0000,0.0000,0.0000,False,True,0.0000
11.0937,0.0000,0.0000,0.0000,False,True,0.0000
11.1143,0.0000,0.0000,0.0000,False,True,0.0000
11.1366,0.0000,0.0000,0.0000,False,True,0.0000
11.1573,0.0000,0.0000,0.0000,False,True,0.0000
11.1781,0.0000,0.0000,0.0000,False,True,0.0000
11.2002,0.0000,0.0000,0.0000,False,True,0.0000
11.2209,0.0000,0.0000,0.0000,False,True,0.0000
11.2411,0.0000,0.0000,0.0000,False,True,0.0000
11.2623,0.0000,0.0000,0.0000,False,True,0.0000
11.2831,0.0000,0.0000,0.0000,False,True,0.0000
11.3032,0.0000,0.0000,0.0000,False,True,0.0000
11.3235,0.0000,0.0000,0.0000,False,True,0.0000
11.3443,0.0000,0.0000,0.0000,False,True,0.0000
11.3649,0.0000,0.0000,0.0000,False,True,0.0000
11.3848,0.0000,0.0000,0.0000,False,True,0.0000
11.4050,0.0000,0.0000,0.0000,False,True,0.0000
11.4255,0.0000,0.0000,0.0000,False,True,0.0000
11.4463,0.0000,0.0000,0.0000,False,True,0.0000
11.4668,0.0000,0.0000,0.0000,False,True,0.0000
11.4876,0.0000,0.0000,0.0000,False,True,0.0000
11.5088,0.0000,0.0000,0.0000,False,True,0.0000
11.5296,0.0000,0.0000,0.0000,False,True,0.0000
11.5509,0.0000,0.0000,0.0000,False,True,0.0000
11.5721,0.0000,0.0000,0.0000,False,True,0.0000
11.5930,0.0000,0.0000,0.0000,False,True,0.0000
11.6139,0.0000,0.0000,0.0000,False,True,0.0000
11.6351,0.0000,0.0000,0.0000,False,True,0.0000
11.6572,0.0000,0.0000,0.0000,False,True,0.0000
11.6781,0.0000,0.0000,0.0000,False,True,0.0000
11.6990,0.0000,0.0000,0.0000,False,True,0.0000
11.7204,0.0000,0.0000,0.0000,False,True,0.0000
11.7427,0.0000,0.0000,0.0000,False,True,0.0000
11.7638,0.0000,0.0000,0.0000,False,True,0.0000
11.7854,0.0000,0.0000,0.0000,False,True,0.0000
11.8072,0.0000,0.0000,0.0000,False,True,0.0000
11.8289,0.0000,0.0000,0.0000,False,True,0.0000
11.8503,0.0000,0.0000,0.0000,False,True,0.0000
11.8716,0.0000,0.0000,0.0000,False,True,0.0000
11.8934,0.0000,0.0000,0.0000,False,True,0.0000
11.9145,0.0000,0.0000,0.0000,False,True,0.0000
11.9355,0.0000,0.0000,0.0000,False,True,0.0000
11.9585,0.0000,0.0000,0.0000,False,True,0.0000
11.9794,0.0000,0.0000,0.0000,False,True,0.0000
12.0004,0.0000,0.0000,0.0000,False,True,0.0000
12.0221,0.0000,0.0000,0.0000,False,True,0.0000
12.0437,0.0000,0.0000,0.0000,False,True,0.0000
12.0649,0.0000,0.0000,0.0000,False,True,0.0000
12.0858,0.0000,0.0000,0.0000,False,True,0.0000
12.1074,0.0000,0.0000,0.0000,False,True,0.0000
12.1283,0.0000,0.0000,0.0000,False,True,0.0000
12.1500,0.0000,0.0000,0.0000,False,True,0.0000
12.1711,0.0000,0.0000,0.0000,False,True,0.0000
12.1922,0.0000,0.0000,0.0000,False,True,0.0000
12.2130,0.0000,0.0000,0.0000,False,True,0.0000
12.2342,0.0000,0.0000,0.0000,False,True,0.0000
12.2552,0.0000,0.0000,0.0000,False,True,0.0000
12.2764,0.0000,0.0000,0.0000,False,True,0.0000
12.2983,0.0000,0.0000,0.0000,False,True,0.0000
12.3198,0.0000,0.0000,0.0000,False,True,0.0000
12.3409,0.0000,0.0000,0.0000,False,True,0.0000
12.3634,0.0000,0.0000,0.0000,False,True,0.0000
12.3848,0.0000,0.0000,0.0000,False,True,0.0000
12.4056,0.0000,0.0000,0.0000,False,True,0.0000
12.4273,0.0000,0.0000,0.0000,False,True,0.0000
12.4493,0.0000,0.0000,0.0000,False,True,0.0000
12.4701,0.0000,0.0000,0.0000,False,True,0.0000
12.4911,0.0000,0.0000,0.0000,False,True,0.0000
12.5125,0.0000,0.0000,0.0000,False,True,0.0000
12.5338,0.0000,0.0000,0.0000,False,True,0.0000
12.5542,0.0000,0.0000,0.0000,False,True,0.0000
12.5750,0.0000,0.0000,0.0000,False,True,0.0000
12.5954,0.0000,0.0000,0.0000,False,True,0.0000
12.6168,0.0000,0.0000,0.0000,False,True,0.0000
12.6383,0.0000,0.0000,0.0000,False,True,0.0000
12.6585,0.0000,0.0000,0.0000,False,True,0.0000
12.6795,0.0000,0.0000,0.0000,False,True,0.0000
12.7002,0.0000,0.0000,0.0000,False,True,0.0000
12.7214,0.0000,0.0000,0.0000,False,True,0.0000
12.7433,0.0000,0.0000,0.0000,False,True,0.0000
12.7648,0.0000,0.0000,0.0000,False,True,0.0000
12.7854,0.0000,0.0000,0.0000,False,True,0.0000
12.8155,0.0000,0.0000,0.0000,False,True,0.0000
12.8377,0.0000,0.0000,0.0000,False,True,0.0000
12.8581,0.0000,0.0000,0.0000,False,True,0.0000
12.8784,0.0000,0.0000,0.0000,False,True,0.0000
12.8990,0.0000,0.0000,0.0000,False,True,0.0000
12.9194,0.0000,0.0000,0.0000,False,True,0.0000
12.9399,0.0000,0.0000,0.0000,False,True,0.0000
12.9602,0.0000,0.0000,0.0000,False,True,0.0000
12.9817,0.0000,0.0000,0.0000,False,True,0.0000
13.0026,0.0000,0.0000,0.0000,False,True,0.0000
13.0229,0.0000,0.0000,0.0000,False,True,0.0000
13.0434,0.0000,0.0000,0.0000,False,True,0.0000
13.0641,0.0000,0.0000,0.0000,False,True,0.0000
13.0844,0.0000,0.0000,0.0000,False,True,0.0000
13.1048,0.0000,0.0000,0.0000,False,True,0.0000
13.1255,0.0000,0.0000,0.0000,False,True,0.0000
13.1459,0.0000,0.0000,0.0000,False,True,0.0000
13.1669,0.0000,0.0000,0.0000,False,True,0.0000
13.1874,0.0000,0.0000,0.0000,False,True,0.0000
13.2079,0.0000,0.0000,0.0000,False,True,0.0000
13.2283,0.0000,0.0000,0.0000,False,True,0.0000
13.2488,0.0000,0.0000,0.0000,False,True,0.0000
13.2700,0.0000,0.0000,0.0000,False,True,0.0000
13.2901,0.0000,0.0000,0.0000,False,True,0.0000
13.3111,0.0000,0.0000,0.0000,False,True,0.0000
13.3313,0.0000,0.0000,0.0000,False,True,0.0000
13.3512,0.0000,0.0000,0.0000,False,True,0.0000
13.3711,0.0000,0.0000,0.0000,False,True,0.0000
13.3913,0.0000,0.0000,0.0000,False,True,0.0000
13.4117,0.0000,0.0000,0.0000,False,True,0.0000
13.4319,0.0000,0.0000,0.0000,False,True,0.0000
13.4518,0.0000,0.0000,0.0000,False,True,0.0000
13.4723,0.0000,0.0000,0.0000,False,True,0.0000
13.4933,0.0000,0.0000,0.0000,False,True,0.0000
13.5134,0.0000,0.0000,0.0000,False,True,0.0000
13.5346,0.0000,0.0000,0.0000,False,True,0.0000
13.5548,0.0000,0.0000,0.0000,False,True,0.0000
13.5760,0.0000,0.0000,0.0000,False,True,0.0000
13.5958,0.0000,0.0000,0.0000,False,True,0.0000
13.6155,0.0000,0.0000,0.0000,False,True,0.0000
13.6355,0.0000,0.0000,0.0000,False,True,0.0000
13.6563,0.0000,0.0000,0.0000,False,True,0.0000
13.6759,0.0000,0.0000,0.0000,False,True,0.0000
13.6957,0.0000,0.0000,0.0000,False,True,0.0000
13.7151,0.0000,0.0000,0.0000,False,True,0.0000
13.7357,0.0000,0.0000,0.0000,False,True,0.0000
13.7560,0.0000,0.0000,0.0000,False,True,0.0000
13.7754,0.0000,0.0000,0.0000,False,True,0.0000
13.7959,0.0000,0.0000,0.0000,False,True,0.0000
13.8154,0.0000,0.0000,0.0000,False,True,0.0000
13.8366,0.0000,0.0000,0.0000,False,True,0.0000
13.8562,0.0000,0.0000,0.0000,False,True,0.0000
13.8755,0.0000,0.0000,0.0000,False,True,0.0000
13.8948,0.0000,0.0000,0.0000,False,True,0.0000
13.9147,0.0000,0.0000,0.0000,False,True,0.0000
13.9340,0.0000,0.0000,0.0000,False,True,0.0000
13.9540,0.0000,0.0000,0.0000,False,True,0.0000
13.9739,0.0000,0.0000,0.0000,False,True,0.0000
13.9931,0.0000,0.0000,0.0000,False,True,0.0000
14.0124,0.0000,0.0000,0.0000,False,True,0.0000
14.0330,0.0000,0.0000,0.0000,False,True,0.0000
14.0529,0.0000,0.0000,0.0000,False,True,0.0000
14.0721,0.0000,0.0000,0.0000,False,True,0.0000
14.0921,0.0000,0.0000,0.0000,False,True,0.0000
14.1120,0.0000,0.0000,0.0000,False,True,0.0000
14.1315,0.0000,0.0000,0.0000,False,True,0.0000
14.1521,0.0000,0.0000,0.0000,False,True,0.0000
14.1725,0.0000,0.0000,0.0000,False,True,0.0000
14.1919,0.0000,0.0000,0.0000,False,True,0.0000
14.2111,0.0000,0.0000,0.0000,False,True,0.0000
14.2309,0.0000,0.0000,0.0000,False,True,0.0000
14.2540,0.0000,0.0000,0.0000,False,True,0.0000
14.2741,0.0000,0.0000,0.0000,False,True,0.0000
14.2935,0.0000,0.0000,0.0000,False,True,0.0000
14.3142,0.0000,0.0000,0.0000,False,True,0.0000
14.3333,0.0000,0.0000,0.0000,False,True,0.0000
14.3526,0.0000,0.0000,0.0000,False,True,0.0000
14.3722,0.0000,0.0000,0.0000,False,True,0.0000
14.3913,0.0000,0.0000,0.0000,False,True,0.0000
14.4110,0.0000,0.0000,0.0000,False,True,0.0000
14.4300,0.0000,0.0000,0.0000,False,True,0.0000
14.4492,0.0000,0.0000,0.0000,False,True,0.0000
14.4691,0.0000,0.0000,0.0000,False,True,0.0000
14.4884,0.0000,0.0000,0.0000,False,True,0.0000
14.5076,0.0000,0.0000,0.0000,False,True,0.0000
14.5277,0.0000,0.0000,0.0000,False,True,0.0000
14.5469,0.0000,0.0000,0.0000,False,True,0.0000
14.5670,0.0000,0.0000,0.0000,False,True,0.0000
14.5866,0.0000,0.0000,0.0000,False,True,0.0000
14.6070,0.0000,0.0000,0.0000,False,True,0.0000
14.6278,0.0000,0.0000,0.0000,False,True,0.0000
14.6496,0.0000,0.0000,0.0000,False,True,0.0000
14.6689,0.0000,0.0000,0.0000,False,True,0.0000
14.6888,0.0000,0.0000,0.0000,False,True,0.0000
14.7084,0.0000,0.0000,0.0000,False,True,0.0000
14.7284,0.0000,0.0000,0.0000,False,True,0.0000
14.7490,0.0000,0.0000,0.0000,False,True,0.0000
14.7693,0.0000,0.0000,0.0000,False,True,0.0000
14.7899,0.0000,0.0000,0.0000,False,True,0.0000
14.8106,0.0000,0.0000,0.0000,False,True,0.0000
14.8313,0.0000,0.0000,0.0000,False,True,0.0000
14.8516,0.0000,0.0000,0.0000,False,True,0.0000
14.8747,0.0000,0.0000,0.0000,False,True,0.0000
14.8950,0.0000,0.0000,0.0000,False,True,0.0000
14.9152,0.0000,0.0000,0.0000,False,True,0.0000
14.9378,0.0000,0.0000,0.0000,False,True,0.0000
14.9580,0.0000,0.0000,0.0000,False,True,0.0000
14.9785,0.0000,0.0000,0.0000,False,True,0.0000
14.9988,0.0000,0.0000,0.0000,False,True,0.0000
15.0189,0.0000,0.0000,0.0000,False,True,0.0000
15.0396,0.0000,0.0000,0.0000,False,True,0.0000
15.0596,0.0000,0.0000,0.0000,False,True,0.0000
15.0803,0.0000,0.0000,0.0000,False,True,0.0000
15.1010,0.0000,0.0000,0.0000,False,True,0.0000
15.1209,0.0000,0.0000,0.0000,False,True,0.0000
15.1405,0.0000,0.0000,0.0000,False,True,0.0000
15.1610,0.0000,0.0000,0.0000,False,True,0.0000
15.1814,0.0000,0.0000,0.0000,False,True,0.0000
15.2021,0.0000,0.0000,0.0000,False,True,0.0000
15.2217,0.0000,0.0000,0.0000,False,True,0.0000
15.2417,0.0000,0.0000,0.0000,False,True,0.0000
15.2622,0.0000,0.0000,0.0000,False,True,0.0000
15.2822,0.0000,0.0000,0.0000,False,True,0.0000
15.3019,0.0000,0.0000,0.0000,False,True,0.0000
15.3216,0.0000,0.0000,0.0000,False,True,0.0000
15.3411,0.0000,0.0000,0.0000,False,True,0.0000
15.3621,0.0000,0.0000,0.0000,False,True,0.0000
15.3820,0.0000,0.0000,0.0000,False,True,0.0000
15.4016,0.0000,0.0000,0.0000,False,True,0.0000
15.4214,0.0000,0.0000,0.0000,False,True,0.0000
15.4420,0.0000,0.0000,0.0000,False,True,0.0000
15.4652,0.0000,0.0000,0.0000,False,True,0.0000
15.4853,0.0000,0.0000,0.0000,False,True,0.0000
15.5060,0.0000,0.0000,0.0000,False,True,0.0000
15.5261,0.0000,0.0000,0.0000,False,True,0.0000
15.5461,0.0000,0.0000,0.0000,False,True,0.0000
15.5653,0.0000,0.0000,0.0000,False,True,0.0000
15.5847,0.0000,0.0000,0.0000,False,True,0.0000
15.6043,0.0000,0.0000,0.0000,False,True,0.0000
15.6241,0.0000,0.0000,0.0000,False,True,0.0000
15.6454,0.0000,0.0000,0.0000,False,True,0.0000
15.6693,0.0000,0.0000,0.0000,False,True,0.0000
15.6934,0.0000,0.0000,0.0000,False,True,0.0000
15.7141,0.0000,0.0000,0.0000,False,True,0.0000
15.7337,0.0000,0.0000,0.0000,False,True,0.0000
15.7537,0.0000,0.0000,0.0000,False,True,0.0000
15.7814,0.0000,0.0000,0.0000,False,True,0.0000
